Product,Return_Reason,Category,Cleaned_Reason
Bedsheet,Received Poor stitching after first use,Quality Issue,received poor stitching first use
Bedsheet,Cracked product,Damaged Product,cracked product
Smartwatch,Screen flickering,Quality Issue,screen flickering
Headphones,Zip not working,Quality Issue,zip working
Laptop,Neck too tight during use,Size Issue,neck tight use
Table,Received Leaking bottle,Damaged Product,received leaking bottle
Air Fryer,Received Charging very slow after first use,Battery Issue,received charging slow first use
T-Shirt,Dent on product during use,Damaged Product,dent product use
Water Bottle,Sound quality poor,Quality Issue,sound quality poor
Chair,Fit not as expected during use,Size Issue,fit expected use
Mixer,Handle broke,Quality Issue,handle broke
Jeans,Product has Broken on arrival,Damaged Product,product broken arrival
T-Shirt,Issue: Zip not working,Quality Issue,issue zip working
Phone,Received Package arrived after event,Delivery Delay,received package arrived event
Curtains,Display cracked,Damaged Product,display cracked
Bedsheet,Product has Power issue after first use,Battery Issue,product power issue first use
Bluetooth Speaker,Courier delay after first use,Delivery Delay,courier delay first use
Headphones,Color different from image,Color Mismatch,color different image
Shoes,Product has Manual missing,Missing Parts,product manual missing
Handbag,Issue: Expected black got blue during use,Color Mismatch,issue expected black got blue use
Bluetooth Speaker,Product has Needed earlier after first use,Delivery Delay,product needed earlier first use
Smartwatch,Different design received during use,Wrong Item,different design received use
Kurti,Expected black got blue during use,Color Mismatch,expected black got blue use
T-Shirt,Product has Poor stitching after first use,Quality Issue,product poor stitching first use
Shoes,Issue: Stand missing during use,Missing Parts,issue stand missing use
Bluetooth Speaker,Very slow delivery,Delivery Delay,slow delivery
Electric Kettle,Received Handle broke,Quality Issue,received handle broke
Smartwatch,Product has Left earbud not working during use,Quality Issue,product left earbud working use
Keyboard,Product has Waist too tight,Size Issue,product waist tight
Handbag,Left earbud not working,Quality Issue,left earbud working
Water Bottle,Product has Cracked product,Damaged Product,product cracked product
Air Fryer,Issue: Too loose,Size Issue,issue loose
Mixer,Product has Sound quality poor,Quality Issue,product sound quality poor
Shoes,Bent frame during use,Damaged Product,bent frame use
Electric Kettle,Product has Handle broke after first use,Quality Issue,product handle broke first use
Phone,Received Very slow delivery,Delivery Delay,received slow delivery
Chair,Product has Cable missing,Missing Parts,product cable missing
Power Bank,One part missing during use,Missing Parts,one part missing use
Headphones,Zip not working,Quality Issue,zip working
Chair,Product has Too loose,Size Issue,product loose
Shoes,Damaged during delivery after first use,Damaged Product,damaged delivery first use
Air Fryer,Poor stitching,Quality Issue,poor stitching
Sandals,Issue: Display cracked after first use,Damaged Product,issue display cracked first use
Table,Issue: Won't hold charge after first use,Battery Issue,issue wont hold charge first use
Laptop,Courier delay,Delivery Delay,courier delay
Smartwatch,Issue: One part missing during use,Missing Parts,issue one part missing use
Jeans,Issue: Size too large,Size Issue,issue size large
Laptop,Product has Zip not working,Quality Issue,product zip working
Smartwatch,Product has Needed earlier,Delivery Delay,product needed earlier
Shoes,Issue: Missed delivery date,Delivery Delay,issue missed delivery date
Handbag,Poor stitching,Quality Issue,poor stitching
Phone,Issue: Zip not working during use,Quality Issue,issue zip working use
Backpack,Missed delivery date after first use,Delivery Delay,missed delivery date first use
Backpack,Received Missing screws during use,Missing Parts,received missing screw use
Curtains,Wrong color and model during use,Wrong Item,wrong color model use
Mixer,Product has Battery backup poor,Battery Issue,product battery backup poor
Jeans,Length too short,Size Issue,length short
Keyboard,Product has Very slow delivery,Delivery Delay,product slow delivery
Shoes,Button came off,Quality Issue,button came
T-Shirt,Glass shattered after first use,Damaged Product,glass shattered first use
Shoes,Issue: Too loose,Size Issue,issue loose
Laptop,Received Printed color faded after first use,Color Mismatch,received printed color faded first use
Kurti,Received Wrong color and model during use,Wrong Item,received wrong color model use
Shirt,Issue: Wrong color received,Color Mismatch,issue wrong color received
Chair,Product has Fabric quality poor,Quality Issue,product fabric quality poor
Water Bottle,Incorrect size sent after first use,Wrong Item,incorrect size sent first use
Phone,Issue: Printed color faded,Color Mismatch,issue printed color faded
Handbag,Different design received,Wrong Item,different design received
Kurti,Received Different model received,Wrong Item,received different model received
Kurti,Received Handle broke,Quality Issue,received handle broke
Laptop,Received Dent on product,Damaged Product,received dent product
Jeans,Late shipment during use,Delivery Delay,late shipment use
Shirt,Received Wrong item delivered after first use,Wrong Item,received wrong item delivered first use
Bedsheet,Issue: Incorrect size sent,Wrong Item,issue incorrect size sent
Shirt,Attachment missing,Missing Parts,attachment missing
Jeans,Received Power issue,Battery Issue,received power issue
Kurti,Charging very slow,Battery Issue,charging slow
Water Bottle,Product has Color different from image after first use,Color Mismatch,product color different image first use
Electric Kettle,Sound quality poor during use,Quality Issue,sound quality poor use
Phone,Product has Battery backup poor during use,Battery Issue,product battery backup poor use
Bedsheet,Received Doesn't fit during use,Size Issue,received doesnt fit use
Phone,Display cracked during use,Damaged Product,display cracked use
Headphones,Product has Fit not as expected during use,Size Issue,product fit expected use
Headphones,Product has Printed color faded,Color Mismatch,product printed color faded
Air Fryer,Received Glass shattered,Damaged Product,received glass shattered
Handbag,Wrong brand received during use,Wrong Item,wrong brand received use
T-Shirt,Received Color different from image after first use,Color Mismatch,received color different image first use
T-Shirt,Wrong item delivered during use,Wrong Item,wrong item delivered use
Smartwatch,Color looks different,Color Mismatch,color look different
Table,Product has Material feels cheap,Quality Issue,product material feel cheap
Shirt,Ordered medium received small,Size Issue,ordered medium received small
Smartwatch,Dent on product,Damaged Product,dent product
Bedsheet,Received Wrong color received,Color Mismatch,received wrong color received
Air Fryer,Issue: Wrong color and model,Wrong Item,issue wrong color model
Smartwatch,Issue: Battery backup poor after first use,Battery Issue,issue battery backup poor first use
Chair,Wrong color and model,Wrong Item,wrong color model
Smartwatch,Received another product,Wrong Item,received another product
Power Bank,Issue: Design color mismatch after first use,Color Mismatch,issue design color mismatch first use
Sandals,Needed earlier,Delivery Delay,needed earlier
Electric Kettle,Product has Wrong color received,Color Mismatch,product wrong color received
Kurti,Package torn,Damaged Product,package torn
Helmet,Leaking bottle during use,Damaged Product,leaking bottle use
Laptop,Issue: Stand missing during use,Missing Parts,issue stand missing use
Kurti,Cable missing,Missing Parts,cable missing
Phone,Cable missing during use,Missing Parts,cable missing use
Headphones,Neck too tight during use,Size Issue,neck tight use
Sandals,Battery swollen,Battery Issue,battery swollen
Helmet,Design color mismatch during use,Color Mismatch,design color mismatch use
Bedsheet,Issue: Needed earlier during use,Delivery Delay,issue needed earlier use
Handbag,Received Received another product,Wrong Item,received received another product
Bluetooth Speaker,Issue: Missed delivery date,Delivery Delay,issue missed delivery date
Bluetooth Speaker,Received Received another product,Wrong Item,received received another product
Kurti,Product has Button came off during use,Quality Issue,product button came use
Shoes,Issue: Battery backup poor during use,Battery Issue,issue battery backup poor use
Power Bank,Issue: Pattern different,Color Mismatch,issue pattern different
Backpack,Glass shattered,Damaged Product,glass shattered
Shirt,Received Lid missing,Missing Parts,received lid missing
Chair,Charger missing,Missing Parts,charger missing
Headphones,Received Leaking bottle during use,Damaged Product,received leaking bottle use
Backpack,Received Delivered too late during use,Delivery Delay,received delivered late use
Kurti,Battery swollen,Battery Issue,battery swollen
Table,Ordered medium received small,Size Issue,ordered medium received small
Kurti,Issue: Material feels cheap after first use,Quality Issue,issue material feel cheap first use
Backpack,Received Waist too tight after first use,Size Issue,received waist tight first use
Air Fryer,Issue: Package arrived after event,Delivery Delay,issue package arrived event
Shoes,Issue: Manual missing,Missing Parts,issue manual missing
Headphones,Length too short,Size Issue,length short
Laptop,Sleeves too short,Size Issue,sleeve short
Kurti,Issue: Battery backup poor,Battery Issue,issue battery backup poor
Curtains,Received Leaking bottle,Damaged Product,received leaking bottle
Helmet,Won't hold charge after first use,Battery Issue,wont hold charge first use
Table,Different model received,Wrong Item,different model received
Curtains,Product has Charger missing,Missing Parts,product charger missing
Curtains,Received Broken on arrival,Damaged Product,received broken arrival
Jeans,Received Screen flickering,Quality Issue,received screen flickering
Shoes,One part missing,Missing Parts,one part missing
Mouse,Ordered medium received small during use,Size Issue,ordered medium received small use
Curtains,Product has Design color mismatch during use,Color Mismatch,product design color mismatch use
Handbag,Received Power issue,Battery Issue,received power issue
Smartwatch,Delivery rescheduled,Delivery Delay,delivery rescheduled
Shoes,Received Expected black got blue during use,Color Mismatch,received expected black got blue use
Table,Leaking bottle during use,Damaged Product,leaking bottle use
Mouse,Received Color different from image after first use,Color Mismatch,received color different image first use
Water Bottle,Received Missed delivery date,Delivery Delay,received missed delivery date
Curtains,Received Different design received,Wrong Item,received different design received
Laptop,Neck too tight after first use,Size Issue,neck tight first use
Chair,Product has Lid missing during use,Missing Parts,product lid missing use
Shirt,Delivery rescheduled,Delivery Delay,delivery rescheduled
Curtains,Product has Glass shattered,Damaged Product,product glass shattered
Chair,Design color mismatch,Color Mismatch,design color mismatch
Air Fryer,Received Attachment missing during use,Missing Parts,received attachment missing use
Bluetooth Speaker,Product has Wrong variant delivered,Wrong Item,product wrong variant delivered
T-Shirt,Dent on product after first use,Damaged Product,dent product first use
Bedsheet,Issue: Package torn,Damaged Product,issue package torn
Laptop,Received Different model received after first use,Wrong Item,received different model received first use
Mixer,Shade not matching,Color Mismatch,shade matching
Jeans,Shuts down suddenly,Battery Issue,shuts suddenly
Handbag,Issue: Incorrect size sent,Wrong Item,issue incorrect size sent
Mixer,Issue: Too loose during use,Size Issue,issue loose use
Phone,Package arrived after event,Delivery Delay,package arrived event
Shoes,Issue: Delivery delayed during use,Delivery Delay,issue delivery delayed use
Handbag,Screen flickering after first use,Quality Issue,screen flickering first use
Mixer,Won't hold charge after first use,Battery Issue,wont hold charge first use
Electric Kettle,Issue: Handle broke,Quality Issue,issue handle broke
Backpack,Issue: Scratched item during use,Damaged Product,issue scratched item use
Smartwatch,Received Different design received,Wrong Item,received different design received
Bedsheet,Too loose after first use,Size Issue,loose first use
Sandals,Display cracked after first use,Damaged Product,display cracked first use
Chair,Cracked product after first use,Damaged Product,cracked product first use
Power Bank,Ordered medium received small during use,Size Issue,ordered medium received small use
Headphones,Received Wrong item delivered,Wrong Item,received wrong item delivered
Sandals,Product has Delivery delayed,Delivery Delay,product delivery delayed
T-Shirt,Glass shattered after first use,Damaged Product,glass shattered first use
Kurti,Shuts down suddenly,Battery Issue,shuts suddenly
Helmet,Shuts down suddenly,Battery Issue,shuts suddenly
Power Bank,Received Delivery delayed during use,Delivery Delay,received delivery delayed use
Chair,Issue: Incorrect product during use,Wrong Item,issue incorrect product use
Jeans,Issue: Screen flickering,Quality Issue,issue screen flickering
Shoes,Product has Wrong item delivered,Wrong Item,product wrong item delivered
Table,Waist too tight after first use,Size Issue,waist tight first use
Handbag,Issue: Very slow delivery,Delivery Delay,issue slow delivery
Smartwatch,Issue: Won't hold charge,Battery Issue,issue wont hold charge
Smartwatch,Received Package arrived after event,Delivery Delay,received package arrived event
Air Fryer,Issue: Button came off during use,Quality Issue,issue button came use
Electric Kettle,Wrong color and model,Wrong Item,wrong color model
Air Fryer,Received Delivery delayed,Delivery Delay,received delivery delayed
Keyboard,Material feels cheap,Quality Issue,material feel cheap
Jeans,Product has Courier delay,Delivery Delay,product courier delay
Electric Kettle,Issue: Color inaccurate during use,Color Mismatch,issue color inaccurate use
Bluetooth Speaker,Sleeves too short after first use,Size Issue,sleeve short first use
Curtains,Issue: Order mixed up,Wrong Item,issue order mixed
Headphones,Product has Too loose,Size Issue,product loose
Smartwatch,Neck too tight after first use,Size Issue,neck tight first use
T-Shirt,Product has Stopped working after one day during use,Quality Issue,product stopped working one day use
Curtains,Received Incorrect product during use,Wrong Item,received incorrect product use
Headphones,Issue: Delivery rescheduled,Delivery Delay,issue delivery rescheduled
Laptop,Charging very slow,Battery Issue,charging slow
Bluetooth Speaker,Issue: Battery not charging,Battery Issue,issue battery charging
Mixer,Received Wrong item delivered,Wrong Item,received wrong item delivered
Power Bank,Needed earlier during use,Delivery Delay,needed earlier use
Chair,Color looks different during use,Color Mismatch,color look different use
Laptop,Product has Package arrived after event,Delivery Delay,product package arrived event
Electric Kettle,Issue: Cable missing,Missing Parts,issue cable missing
Curtains,Issue: Design color mismatch during use,Color Mismatch,issue design color mismatch use
Jeans,Product has Battery swollen,Battery Issue,product battery swollen
Power Bank,Wrong color received,Color Mismatch,wrong color received
Bedsheet,Product has Delivered too late during use,Delivery Delay,product delivered late use
Mouse,Received Battery not charging,Battery Issue,received battery charging
Air Fryer,Accessories missing during use,Missing Parts,accessory missing use
Chair,Design color mismatch,Color Mismatch,design color mismatch
Handbag,Received Zip not working after first use,Quality Issue,received zip working first use
T-Shirt,Material feels cheap during use,Quality Issue,material feel cheap use
Shirt,Shuts down suddenly,Battery Issue,shuts suddenly
Water Bottle,Received Waist too tight during use,Size Issue,received waist tight use
Keyboard,Issue: Battery backup poor,Battery Issue,issue battery backup poor
Phone,Battery overheats,Battery Issue,battery overheats
Sandals,Product has Stand missing during use,Missing Parts,product stand missing use
Power Bank,Received Battery backup poor during use,Battery Issue,received battery backup poor use
Power Bank,Received Wrong item delivered,Wrong Item,received wrong item delivered
Power Bank,Received Battery not charging,Battery Issue,received battery charging
Curtains,Received Wrong color and model during use,Wrong Item,received wrong color model use
Backpack,Issue: Received another product,Wrong Item,issue received another product
Table,Received Glass shattered,Damaged Product,received glass shattered
Shirt,Issue: Wrong variant delivered,Wrong Item,issue wrong variant delivered
Sandals,Too loose,Size Issue,loose
Electric Kettle,Product has Late shipment,Delivery Delay,product late shipment
Handbag,Product has Expected black got blue,Color Mismatch,product expected black got blue
Handbag,Incorrect size sent,Wrong Item,incorrect size sent
Jeans,Order mixed up,Wrong Item,order mixed
Mixer,Received Battery not charging during use,Battery Issue,received battery charging use
Kurti,Battery backup poor,Battery Issue,battery backup poor
Bluetooth Speaker,Issue: Incorrect size sent,Wrong Item,issue incorrect size sent
Power Bank,Wrong color received after first use,Color Mismatch,wrong color received first use
Chair,Received Glass shattered,Damaged Product,received glass shattered
Bluetooth Speaker,Missing screws,Missing Parts,missing screw
Sandals,Received Package arrived after event,Delivery Delay,received package arrived event
T-Shirt,Product has One part missing during use,Missing Parts,product one part missing use
Chair,Received Too loose,Size Issue,received loose
Handbag,Issue: Broken on arrival,Damaged Product,issue broken arrival
Kurti,Accessories missing,Missing Parts,accessory missing
T-Shirt,Order mixed up after first use,Wrong Item,order mixed first use
Power Bank,Received Charging very slow,Battery Issue,received charging slow
Bedsheet,Product has Stand missing during use,Missing Parts,product stand missing use
Helmet,Issue: Stopped working after one day,Quality Issue,issue stopped working one day
Laptop,Issue: Length too short during use,Size Issue,issue length short use
T-Shirt,Received Dent on product,Damaged Product,received dent product
Backpack,Received Color different from image after first use,Color Mismatch,received color different image first use
Shoes,Product has Stopped working after one day,Quality Issue,product stopped working one day
Air Fryer,Product has Size too small after first use,Size Issue,product size small first use
Electric Kettle,Broken on arrival after first use,Damaged Product,broken arrival first use
Air Fryer,Product has Package torn,Damaged Product,product package torn
Kurti,Product has Waist too tight,Size Issue,product waist tight
T-Shirt,Incorrect size sent after first use,Wrong Item,incorrect size sent first use
Headphones,Length too short,Size Issue,length short
Bluetooth Speaker,Doesn't fit after first use,Size Issue,doesnt fit first use
T-Shirt,Attachment missing during use,Missing Parts,attachment missing use
Keyboard,Package arrived after event,Delivery Delay,package arrived event
Headphones,Very slow delivery,Delivery Delay,slow delivery
Handbag,Order mixed up,Wrong Item,order mixed
Smartwatch,Courier delay during use,Delivery Delay,courier delay use
Shoes,Received Delivery delayed,Delivery Delay,received delivery delayed
Kurti,Received Battery not charging,Battery Issue,received battery charging
Helmet,Image misleading,Color Mismatch,image misleading
Helmet,Issue: Very slow delivery,Delivery Delay,issue slow delivery
Bedsheet,Product has Handle broke during use,Quality Issue,product handle broke use
Smartwatch,Received Missed delivery date during use,Delivery Delay,received missed delivery date use
Bedsheet,Charger missing,Missing Parts,charger missing
Sandals,Received One part missing,Missing Parts,received one part missing
Shoes,Battery swollen,Battery Issue,battery swollen
T-Shirt,Received Material feels cheap after first use,Quality Issue,received material feel cheap first use
Chair,Too loose,Size Issue,loose
Water Bottle,Issue: Material feels cheap,Quality Issue,issue material feel cheap
Mixer,Received Different design received,Wrong Item,received different design received
Sandals,Issue: Cracked product after first use,Damaged Product,issue cracked product first use
Chair,Received Sound quality poor,Quality Issue,received sound quality poor
Headphones,Issue: Different design received,Wrong Item,issue different design received
Sandals,Received Too loose,Size Issue,received loose
Curtains,Received Shuts down suddenly,Battery Issue,received shuts suddenly
Phone,Product has Color different from image,Color Mismatch,product color different image
Kurti,Accessories missing,Missing Parts,accessory missing
Smartwatch,Issue: Glass shattered,Damaged Product,issue glass shattered
Mixer,Received Battery dies in two hours,Battery Issue,received battery dy two hour
Kurti,Product has Poor stitching,Quality Issue,product poor stitching
Bluetooth Speaker,Issue: Size too large during use,Size Issue,issue size large use
Power Bank,Issue: Delayed by one week,Delivery Delay,issue delayed one week
T-Shirt,Received Scratched item during use,Damaged Product,received scratched item use
Sandals,Left earbud not working during use,Quality Issue,left earbud working use
Headphones,Issue: Wrong item delivered,Wrong Item,issue wrong item delivered
Laptop,Received Size too small after first use,Size Issue,received size small first use
Mixer,Received Shuts down suddenly,Battery Issue,received shuts suddenly
Bedsheet,Issue: Fit not as expected after first use,Size Issue,issue fit expected first use
Chair,Product has Charging very slow,Battery Issue,product charging slow
Backpack,Wrong color received during use,Color Mismatch,wrong color received use
Shoes,Received Fit not as expected,Size Issue,received fit expected
Backpack,Issue: Stand missing,Missing Parts,issue stand missing
Shirt,Received Material feels cheap after first use,Quality Issue,received material feel cheap first use
Shoes,Issue: Package arrived after event,Delivery Delay,issue package arrived event
Table,Issue: Glass shattered,Damaged Product,issue glass shattered
Mixer,Received Material feels cheap after first use,Quality Issue,received material feel cheap first use
Shoes,Shade not matching,Color Mismatch,shade matching
Water Bottle,Product has Dent on product after first use,Damaged Product,product dent product first use
Bluetooth Speaker,Product has Button came off after first use,Quality Issue,product button came first use
Phone,Issue: Battery not charging during use,Battery Issue,issue battery charging use
Handbag,Delayed by one week,Delivery Delay,delayed one week
Power Bank,Shade not matching during use,Color Mismatch,shade matching use
Bluetooth Speaker,Late shipment,Delivery Delay,late shipment
Shoes,Received Pattern different during use,Color Mismatch,received pattern different use
Jeans,Received Delivered too late,Delivery Delay,received delivered late
Helmet,Fabric quality poor,Quality Issue,fabric quality poor
Table,Lid missing,Missing Parts,lid missing
Handbag,Product has Delayed by one week,Delivery Delay,product delayed one week
Kurti,Very slow delivery during use,Delivery Delay,slow delivery use
Curtains,Sound quality poor,Quality Issue,sound quality poor
Headphones,Issue: Battery drains quickly during use,Battery Issue,issue battery drain quickly use
Water Bottle,Received Battery dies in two hours during use,Battery Issue,received battery dy two hour use
Sandals,One part missing,Missing Parts,one part missing
Air Fryer,Wrong color received,Color Mismatch,wrong color received
Bluetooth Speaker,Manual missing after first use,Missing Parts,manual missing first use
Table,Product has Wrong color received,Color Mismatch,product wrong color received
Kurti,Wrong color and model,Wrong Item,wrong color model
Backpack,Received Incorrect product after first use,Wrong Item,received incorrect product first use
Keyboard,Received Material feels cheap,Quality Issue,received material feel cheap
Phone,Product has Printed color faded,Color Mismatch,product printed color faded
Headphones,Product has Missed delivery date after first use,Delivery Delay,product missed delivery date first use
T-Shirt,Left earbud not working,Quality Issue,left earbud working
Electric Kettle,Length too short after first use,Size Issue,length short first use
Phone,Product has Remote missing,Missing Parts,product remote missing
Jeans,Issue: Battery swollen,Battery Issue,issue battery swollen
Helmet,Received Leaking bottle during use,Damaged Product,received leaking bottle use
Headphones,Received Scratched item during use,Damaged Product,received scratched item use
Sandals,Dent on product during use,Damaged Product,dent product use
Electric Kettle,Issue: Late shipment,Delivery Delay,issue late shipment
Laptop,Remote missing after first use,Missing Parts,remote missing first use
Handbag,Issue: Wrong item delivered,Wrong Item,issue wrong item delivered
T-Shirt,Received Handle broke,Quality Issue,received handle broke
Power Bank,Shuts down suddenly after first use,Battery Issue,shuts suddenly first use
Headphones,Issue: Accessories missing,Missing Parts,issue accessory missing
Jeans,Issue: Ordered medium received small,Size Issue,issue ordered medium received small
Backpack,Expected black got blue,Color Mismatch,expected black got blue
Air Fryer,Damaged during delivery,Damaged Product,damaged delivery
Jeans,Received Battery overheats during use,Battery Issue,received battery overheats use
Power Bank,Battery swollen,Battery Issue,battery swollen
Bluetooth Speaker,Product has Poor stitching after first use,Quality Issue,product poor stitching first use
Electric Kettle,Received Accessories missing after first use,Missing Parts,received accessory missing first use
Jeans,Product has Different model received during use,Wrong Item,product different model received use
T-Shirt,Issue: Delivery delayed,Delivery Delay,issue delivery delayed
Table,Product has Neck too tight after first use,Size Issue,product neck tight first use
Shirt,Wrong color and model,Wrong Item,wrong color model
Smartwatch,Product has Bent frame,Damaged Product,product bent frame
Keyboard,Wrong color received,Color Mismatch,wrong color received
Mouse,Ordered medium received small during use,Size Issue,ordered medium received small use
Bedsheet,Printed color faded,Color Mismatch,printed color faded
Headphones,Sound quality poor,Quality Issue,sound quality poor
Jeans,Received Shade not matching,Color Mismatch,received shade matching
Electric Kettle,Issue: Shade not matching during use,Color Mismatch,issue shade matching use
Shoes,Issue: Battery overheats,Battery Issue,issue battery overheats
Jeans,Product has Received another product,Wrong Item,product received another product
Keyboard,Issue: Printed color faded,Color Mismatch,issue printed color faded
Jeans,Product has Late shipment,Delivery Delay,product late shipment
Handbag,Received Color different from image,Color Mismatch,received color different image
Smartwatch,Issue: Sound quality poor during use,Quality Issue,issue sound quality poor use
Phone,Issue: One part missing during use,Missing Parts,issue one part missing use
Bluetooth Speaker,Pattern different during use,Color Mismatch,pattern different use
Helmet,Product has Material feels cheap,Quality Issue,product material feel cheap
T-Shirt,Wrong brand received,Wrong Item,wrong brand received
Power Bank,Wrong variant delivered during use,Wrong Item,wrong variant delivered use
Water Bottle,Issue: Battery swollen,Battery Issue,issue battery swollen
Smartwatch,Received Color inaccurate,Color Mismatch,received color inaccurate
Water Bottle,Material feels cheap after first use,Quality Issue,material feel cheap first use
Helmet,Issue: Doesn't fit,Size Issue,issue doesnt fit
Headphones,Received Battery not charging,Battery Issue,received battery charging
Jeans,Stand missing after first use,Missing Parts,stand missing first use
Water Bottle,Issue: Package arrived after event,Delivery Delay,issue package arrived event
Water Bottle,Issue: Power issue,Battery Issue,issue power issue
T-Shirt,Received another product after first use,Wrong Item,received another product first use
Backpack,Very slow delivery,Delivery Delay,slow delivery
Curtains,Issue: Wrong variant delivered after first use,Wrong Item,issue wrong variant delivered first use
Laptop,Order mixed up after first use,Wrong Item,order mixed first use
Phone,Issue: Stopped working after one day,Quality Issue,issue stopped working one day
Curtains,Color looks different,Color Mismatch,color look different
Phone,Product has Wrong variant delivered,Wrong Item,product wrong variant delivered
Laptop,Product has Broken on arrival after first use,Damaged Product,product broken arrival first use
Water Bottle,Delivered too late,Delivery Delay,delivered late
Chair,Product has Design color mismatch,Color Mismatch,product design color mismatch
Mixer,Issue: Fabric quality poor during use,Quality Issue,issue fabric quality poor use
Table,Charger missing after first use,Missing Parts,charger missing first use
Power Bank,Issue: Wrong color received,Color Mismatch,issue wrong color received
Electric Kettle,Shade not matching,Color Mismatch,shade matching
Smartwatch,Battery overheats,Battery Issue,battery overheats
Kurti,Received Handle broke after first use,Quality Issue,received handle broke first use
Curtains,Product has Battery dies in two hours,Battery Issue,product battery dy two hour
Bluetooth Speaker,Product has Different model received,Wrong Item,product different model received
Handbag,Received Incorrect size sent,Wrong Item,received incorrect size sent
Handbag,Product has Handle broke,Quality Issue,product handle broke
Sandals,Battery overheats,Battery Issue,battery overheats
Jeans,Color inaccurate,Color Mismatch,color inaccurate
Bluetooth Speaker,Product has Too loose,Size Issue,product loose
Handbag,Stand missing during use,Missing Parts,stand missing use
Mouse,Product has Wrong variant delivered during use,Wrong Item,product wrong variant delivered use
Shoes,Order mixed up after first use,Wrong Item,order mixed first use
Mouse,Issue: Courier delay after first use,Delivery Delay,issue courier delay first use
Kurti,Received Color inaccurate,Color Mismatch,received color inaccurate
Kurti,Received Image misleading,Color Mismatch,received image misleading
Headphones,Issue: Sound quality poor,Quality Issue,issue sound quality poor
Headphones,Product has Order mixed up,Wrong Item,product order mixed
Backpack,Waist too tight during use,Size Issue,waist tight use
Air Fryer,Cracked product,Damaged Product,cracked product
Mouse,Cracked product during use,Damaged Product,cracked product use
Mouse,Late shipment,Delivery Delay,late shipment
Power Bank,Product has Attachment missing after first use,Missing Parts,product attachment missing first use
Jeans,Received Color different from image during use,Color Mismatch,received color different image use
Chair,Late shipment,Delivery Delay,late shipment
Bluetooth Speaker,Received Remote missing during use,Missing Parts,received remote missing use
Backpack,Color different from image,Color Mismatch,color different image
Chair,Received Dent on product,Damaged Product,received dent product
Power Bank,Attachment missing,Missing Parts,attachment missing
T-Shirt,Issue: Button came off,Quality Issue,issue button came
Water Bottle,Product has Pattern different after first use,Color Mismatch,product pattern different first use
Jeans,Attachment missing,Missing Parts,attachment missing
Mouse,Battery dies in two hours during use,Battery Issue,battery dy two hour use
Keyboard,Product has Won't hold charge,Battery Issue,product wont hold charge
Backpack,Shade not matching,Color Mismatch,shade matching
Keyboard,Pattern different during use,Color Mismatch,pattern different use
Shirt,Received Order mixed up,Wrong Item,received order mixed
Table,Received Material feels cheap,Quality Issue,received material feel cheap
Handbag,Late shipment,Delivery Delay,late shipment
Table,Issue: Damaged during delivery after first use,Damaged Product,issue damaged delivery first use
Sandals,Product has Remote missing,Missing Parts,product remote missing
Shirt,Issue: Zip not working,Quality Issue,issue zip working
Smartwatch,Product has Remote missing during use,Missing Parts,product remote missing use
Curtains,Product has Delivered too late,Delivery Delay,product delivered late
Air Fryer,Issue: Scratched item,Damaged Product,issue scratched item
Phone,Issue: One part missing,Missing Parts,issue one part missing
Water Bottle,Received Pattern different,Color Mismatch,received pattern different
Headphones,Received Missed delivery date,Delivery Delay,received missed delivery date
Mixer,Received Received another product after first use,Wrong Item,received received another product first use
Mouse,Received Package arrived after event,Delivery Delay,received package arrived event
T-Shirt,Wrong variant delivered,Wrong Item,wrong variant delivered
Water Bottle,Product has Charger missing,Missing Parts,product charger missing
Curtains,Waist too tight,Size Issue,waist tight
Bedsheet,Issue: Late shipment after first use,Delivery Delay,issue late shipment first use
Bluetooth Speaker,Scratched item,Damaged Product,scratched item
Helmet,Battery not charging after first use,Battery Issue,battery charging first use
Sandals,Damaged during delivery after first use,Damaged Product,damaged delivery first use
T-Shirt,Issue: Damaged during delivery,Damaged Product,issue damaged delivery
Sandals,Product has Delivery delayed,Delivery Delay,product delivery delayed
Handbag,Issue: Charging very slow during use,Battery Issue,issue charging slow use
Air Fryer,Received Display cracked,Damaged Product,received display cracked
Headphones,Screen flickering,Quality Issue,screen flickering
Phone,Charging very slow during use,Battery Issue,charging slow use
Bedsheet,Received Needed earlier,Delivery Delay,received needed earlier
Table,Waist too tight,Size Issue,waist tight
Power Bank,Printed color faded,Color Mismatch,printed color faded
Keyboard,Issue: Needed earlier,Delivery Delay,issue needed earlier
Air Fryer,Product has Broken on arrival during use,Damaged Product,product broken arrival use
Shirt,Received Incorrect size sent,Wrong Item,received incorrect size sent
Helmet,Issue: Cracked product during use,Damaged Product,issue cracked product use
Backpack,Wrong color received after first use,Color Mismatch,wrong color received first use
Air Fryer,Product has Battery swollen,Battery Issue,product battery swollen
Headphones,Issue: Wrong color and model,Wrong Item,issue wrong color model
Table,Printed color faded,Color Mismatch,printed color faded
Curtains,Product has Wrong brand received,Wrong Item,product wrong brand received
Mixer,Product has Stopped working after one day during use,Quality Issue,product stopped working one day use
Handbag,Received Different model received,Wrong Item,received different model received
Kurti,Issue: Package torn after first use,Damaged Product,issue package torn first use
Water Bottle,Issue: Delayed by one week,Delivery Delay,issue delayed one week
Sandals,Product has Very slow delivery after first use,Delivery Delay,product slow delivery first use
Power Bank,Handle broke,Quality Issue,handle broke
T-Shirt,Screen flickering,Quality Issue,screen flickering
Chair,Product has Bent frame after first use,Damaged Product,product bent frame first use
Power Bank,Pattern different after first use,Color Mismatch,pattern different first use
Keyboard,Issue: Delivery delayed,Delivery Delay,issue delivery delayed
Keyboard,Issue: Needed earlier during use,Delivery Delay,issue needed earlier use
Power Bank,Received Neck too tight,Size Issue,received neck tight
Shirt,Product has Manual missing,Missing Parts,product manual missing
Smartwatch,Received Poor stitching,Quality Issue,received poor stitching
Mouse,Size too large,Size Issue,size large
Electric Kettle,Product has Remote missing during use,Missing Parts,product remote missing use
Power Bank,Issue: Image misleading during use,Color Mismatch,issue image misleading use
Kurti,Received Handle broke,Quality Issue,received handle broke
Backpack,Power issue after first use,Battery Issue,power issue first use
Electric Kettle,Damaged during delivery,Damaged Product,damaged delivery
Smartwatch,Very slow delivery during use,Delivery Delay,slow delivery use
Power Bank,Received Package torn after first use,Damaged Product,received package torn first use
Bedsheet,Received another product,Wrong Item,received another product
Electric Kettle,Stand missing after first use,Missing Parts,stand missing first use
T-Shirt,Broken on arrival,Damaged Product,broken arrival
Sandals,Delayed by one week after first use,Delivery Delay,delayed one week first use
Power Bank,Product has Ordered medium received small,Size Issue,product ordered medium received small
Kurti,Damaged during delivery,Damaged Product,damaged delivery
Air Fryer,Bent frame,Damaged Product,bent frame
Mixer,Product has Expected black got blue,Color Mismatch,product expected black got blue
Mixer,Received Glass shattered,Damaged Product,received glass shattered
Chair,Issue: Charging very slow,Battery Issue,issue charging slow
Keyboard,Received Image misleading during use,Color Mismatch,received image misleading use
Mixer,Issue: Remote missing after first use,Missing Parts,issue remote missing first use
Headphones,Received Missed delivery date after first use,Delivery Delay,received missed delivery date first use
Chair,Issue: Delivered too late during use,Delivery Delay,issue delivered late use
Headphones,Received Charging very slow after first use,Battery Issue,received charging slow first use
Power Bank,Received Wrong color received,Color Mismatch,received wrong color received
Bluetooth Speaker,Issue: Damaged during delivery,Damaged Product,issue damaged delivery
Laptop,Size too large,Size Issue,size large
Laptop,Received Leaking bottle,Damaged Product,received leaking bottle
Laptop,Sleeves too short during use,Size Issue,sleeve short use
Curtains,Product has Bent frame during use,Damaged Product,product bent frame use
Air Fryer,Received Scratched item during use,Damaged Product,received scratched item use
Handbag,Received Very slow delivery,Delivery Delay,received slow delivery
Keyboard,Issue: Wrong brand received during use,Wrong Item,issue wrong brand received use
Electric Kettle,Received Stopped working after one day after first use,Quality Issue,received stopped working one day first use
Smartwatch,Color looks different,Color Mismatch,color look different
Shirt,Received Cracked product,Damaged Product,received cracked product
Kurti,Product has Manual missing,Missing Parts,product manual missing
Table,Product has Glass shattered during use,Damaged Product,product glass shattered use
Electric Kettle,Issue: Printed color faded during use,Color Mismatch,issue printed color faded use
Bedsheet,Received Needed earlier after first use,Delivery Delay,received needed earlier first use
Mouse,Product has Power issue,Battery Issue,product power issue
Jeans,Neck too tight,Size Issue,neck tight
Kurti,Product has Ordered medium received small,Size Issue,product ordered medium received small
Laptop,Battery drains quickly during use,Battery Issue,battery drain quickly use
Helmet,Color different from image during use,Color Mismatch,color different image use
Shirt,Delivered too late,Delivery Delay,delivered late
Shirt,Missing screws,Missing Parts,missing screw
Keyboard,Issue: Wrong item delivered after first use,Wrong Item,issue wrong item delivered first use
Keyboard,Product has Fabric quality poor after first use,Quality Issue,product fabric quality poor first use
Keyboard,Received Bent frame,Damaged Product,received bent frame
Shoes,Received Wrong color and model during use,Wrong Item,received wrong color model use
Headphones,Product has Delayed by one week,Delivery Delay,product delayed one week
Shoes,Issue: Poor stitching during use,Quality Issue,issue poor stitching use
Mouse,Attachment missing,Missing Parts,attachment missing
Mouse,Issue: Battery not charging,Battery Issue,issue battery charging
Jeans,Product has Handle broke after first use,Quality Issue,product handle broke first use
Jeans,Late shipment,Delivery Delay,late shipment
Air Fryer,Doesn't fit after first use,Size Issue,doesnt fit first use
Shoes,Received Charging very slow after first use,Battery Issue,received charging slow first use
Backpack,Bent frame,Damaged Product,bent frame
Curtains,Remote missing,Missing Parts,remote missing
T-Shirt,Issue: Color different from image after first use,Color Mismatch,issue color different image first use
Helmet,Sound quality poor,Quality Issue,sound quality poor
Shirt,Received One part missing during use,Missing Parts,received one part missing use
Water Bottle,Missed delivery date during use,Delivery Delay,missed delivery date use
Sandals,Remote missing during use,Missing Parts,remote missing use
Mixer,Product has Screen flickering,Quality Issue,product screen flickering
Kurti,Issue: Left earbud not working after first use,Quality Issue,issue left earbud working first use
Water Bottle,One part missing,Missing Parts,one part missing
Power Bank,Received Waist too tight,Size Issue,received waist tight
Shoes,Product has Button came off during use,Quality Issue,product button came use
Chair,Very slow delivery during use,Delivery Delay,slow delivery use
Shoes,Received Poor stitching,Quality Issue,received poor stitching
Helmet,Received Screen flickering during use,Quality Issue,received screen flickering use
Smartwatch,Issue: Waist too tight,Size Issue,issue waist tight
Keyboard,Product has Bent frame during use,Damaged Product,product bent frame use
Bluetooth Speaker,Received Battery overheats,Battery Issue,received battery overheats
Shoes,Product has Needed earlier during use,Delivery Delay,product needed earlier use
Mixer,Issue: Wrong color and model,Wrong Item,issue wrong color model
Headphones,Issue: Printed color faded,Color Mismatch,issue printed color faded
T-Shirt,Product has Leaking bottle,Damaged Product,product leaking bottle
Air Fryer,Ordered medium received small during use,Size Issue,ordered medium received small use
Air Fryer,Issue: Design color mismatch,Color Mismatch,issue design color mismatch
Air Fryer,Shuts down suddenly after first use,Battery Issue,shuts suddenly first use
Phone,Issue: Package arrived after event,Delivery Delay,issue package arrived event
Table,Product has Order mixed up,Wrong Item,product order mixed
Backpack,Received Manual missing,Missing Parts,received manual missing
Chair,Product has Bent frame,Damaged Product,product bent frame
Curtains,Product has Fit not as expected during use,Size Issue,product fit expected use
Smartwatch,Issue: Different model received after first use,Wrong Item,issue different model received first use
Bluetooth Speaker,Product has Received another product during use,Wrong Item,product received another product use
Power Bank,Accessories missing during use,Missing Parts,accessory missing use
Keyboard,Issue: Attachment missing,Missing Parts,issue attachment missing
Curtains,Length too short,Size Issue,length short
Electric Kettle,Product has Fabric quality poor,Quality Issue,product fabric quality poor
Jeans,Won't hold charge during use,Battery Issue,wont hold charge use
T-Shirt,Image misleading,Color Mismatch,image misleading
Keyboard,Received another product,Wrong Item,received another product
Water Bottle,Issue: Leaking bottle during use,Damaged Product,issue leaking bottle use
Shirt,Issue: Battery dies in two hours,Battery Issue,issue battery dy two hour
Shoes,Wrong color and model after first use,Wrong Item,wrong color model first use
Air Fryer,Issue: Printed color faded after first use,Color Mismatch,issue printed color faded first use
Mouse,Package arrived after event during use,Delivery Delay,package arrived event use
Shoes,Received Package arrived after event,Delivery Delay,received package arrived event
Air Fryer,Poor stitching after first use,Quality Issue,poor stitching first use
Phone,Scratched item after first use,Damaged Product,scratched item first use
Smartwatch,Issue: Pattern different after first use,Color Mismatch,issue pattern different first use
Phone,Issue: Remote missing during use,Missing Parts,issue remote missing use
Laptop,Issue: Too loose,Size Issue,issue loose
Shirt,Product has Charger missing after first use,Missing Parts,product charger missing first use
Table,Different model received,Wrong Item,different model received
Air Fryer,Product has Battery dies in two hours during use,Battery Issue,product battery dy two hour use
Sandals,Issue: Left earbud not working,Quality Issue,issue left earbud working
Backpack,Color inaccurate during use,Color Mismatch,color inaccurate use
Water Bottle,Issue: Sound quality poor,Quality Issue,issue sound quality poor
Helmet,Shuts down suddenly,Battery Issue,shuts suddenly
T-Shirt,Product has Battery dies in two hours,Battery Issue,product battery dy two hour
Water Bottle,Product has Button came off,Quality Issue,product button came
Helmet,Product has Charger missing,Missing Parts,product charger missing
Phone,Issue: Charger missing,Missing Parts,issue charger missing
Phone,Issue: Power issue,Battery Issue,issue power issue
Air Fryer,Issue: Battery overheats,Battery Issue,issue battery overheats
Shirt,Issue: Length too short after first use,Size Issue,issue length short first use
Chair,Glass shattered during use,Damaged Product,glass shattered use
Smartwatch,Issue: Lid missing during use,Missing Parts,issue lid missing use
Table,Battery not charging after first use,Battery Issue,battery charging first use
Bluetooth Speaker,Product has Wrong item delivered,Wrong Item,product wrong item delivered
Electric Kettle,Issue: Incorrect size sent,Wrong Item,issue incorrect size sent
Keyboard,Very slow delivery,Delivery Delay,slow delivery
Electric Kettle,Left earbud not working,Quality Issue,left earbud working
Chair,Product has Fit not as expected during use,Size Issue,product fit expected use
Mixer,Zip not working during use,Quality Issue,zip working use
Shoes,Issue: Wrong brand received,Wrong Item,issue wrong brand received
Bedsheet,Package torn,Damaged Product,package torn
Helmet,Product has Remote missing after first use,Missing Parts,product remote missing first use
Table,Received Damaged during delivery,Damaged Product,received damaged delivery
Chair,Product has Different design received,Wrong Item,product different design received
Table,Received Wrong variant delivered,Wrong Item,received wrong variant delivered
Electric Kettle,Issue: Button came off,Quality Issue,issue button came
Curtains,Product has Incorrect size sent after first use,Wrong Item,product incorrect size sent first use
Headphones,Issue: Battery dies in two hours during use,Battery Issue,issue battery dy two hour use
Handbag,Received Won't hold charge during use,Battery Issue,received wont hold charge use
Shoes,Lid missing during use,Missing Parts,lid missing use
Power Bank,Issue: Wrong brand received,Wrong Item,issue wrong brand received
Bedsheet,Issue: Size too large,Size Issue,issue size large
Backpack,Product has Handle broke during use,Quality Issue,product handle broke use
Bluetooth Speaker,Received Leaking bottle,Damaged Product,received leaking bottle
Table,Product has Pattern different,Color Mismatch,product pattern different
Sandals,Package arrived after event,Delivery Delay,package arrived event
Shirt,Stopped working after one day after first use,Quality Issue,stopped working one day first use
Shirt,Issue: Delivery rescheduled after first use,Delivery Delay,issue delivery rescheduled first use
Phone,Received Shuts down suddenly,Battery Issue,received shuts suddenly
Shoes,Received Printed color faded after first use,Color Mismatch,received printed color faded first use
Handbag,Received Ordered medium received small after first use,Size Issue,received ordered medium received small first use
Curtains,Accessories missing,Missing Parts,accessory missing
Shoes,Product has Leaking bottle,Damaged Product,product leaking bottle
Sandals,Issue: Scratched item,Damaged Product,issue scratched item
T-Shirt,Issue: Length too short after first use,Size Issue,issue length short first use
Headphones,Issue: Delivery delayed,Delivery Delay,issue delivery delayed
Air Fryer,Received Fabric quality poor,Quality Issue,received fabric quality poor
Electric Kettle,Product has Charging very slow after first use,Battery Issue,product charging slow first use
Table,Handle broke,Quality Issue,handle broke
Water Bottle,Product has Battery swollen after first use,Battery Issue,product battery swollen first use
Sandals,Issue: Stand missing after first use,Missing Parts,issue stand missing first use
Kurti,Fabric quality poor,Quality Issue,fabric quality poor
Smartwatch,Received One part missing after first use,Missing Parts,received one part missing first use
Handbag,Display cracked after first use,Damaged Product,display cracked first use
Sandals,Received Wrong item delivered after first use,Wrong Item,received wrong item delivered first use
Mixer,Glass shattered after first use,Damaged Product,glass shattered first use
T-Shirt,Product has Courier delay during use,Delivery Delay,product courier delay use
Shirt,Received Handle broke,Quality Issue,received handle broke
Table,Issue: Charging very slow,Battery Issue,issue charging slow
Electric Kettle,Battery swollen,Battery Issue,battery swollen
Bluetooth Speaker,Product has Poor stitching,Quality Issue,product poor stitching
Keyboard,Received Ordered medium received small,Size Issue,received ordered medium received small
Curtains,Issue: Charger missing,Missing Parts,issue charger missing
Shoes,Received Shuts down suddenly,Battery Issue,received shuts suddenly
Chair,Received Cracked product during use,Damaged Product,received cracked product use
Curtains,Issue: Left earbud not working after first use,Quality Issue,issue left earbud working first use
Shoes,Issue: Sleeves too short,Size Issue,issue sleeve short
Helmet,Delayed by one week,Delivery Delay,delayed one week
Shirt,Product has Battery not charging,Battery Issue,product battery charging
Water Bottle,Battery swollen,Battery Issue,battery swollen
Water Bottle,Product has Incorrect size sent,Wrong Item,product incorrect size sent
Air Fryer,Issue: Poor stitching,Quality Issue,issue poor stitching
Curtains,Left earbud not working,Quality Issue,left earbud working
Keyboard,Received Delivery rescheduled,Delivery Delay,received delivery rescheduled
Phone,Received Delayed by one week after first use,Delivery Delay,received delayed one week first use
Table,Different model received after first use,Wrong Item,different model received first use
Shirt,Product has Size too small,Size Issue,product size small
Backpack,Product has Package arrived after event after first use,Delivery Delay,product package arrived event first use
Curtains,Issue: Neck too tight after first use,Size Issue,issue neck tight first use
Smartwatch,Received Expected black got blue,Color Mismatch,received expected black got blue
Water Bottle,Screen flickering,Quality Issue,screen flickering
Headphones,Doesn't fit,Size Issue,doesnt fit
Power Bank,Received Accessories missing,Missing Parts,received accessory missing
Chair,Issue: Wrong color received,Color Mismatch,issue wrong color received
Mixer,Expected black got blue,Color Mismatch,expected black got blue
Water Bottle,Leaking bottle during use,Damaged Product,leaking bottle use
Electric Kettle,Product has Scratched item after first use,Damaged Product,product scratched item first use
Shirt,Product has Ordered medium received small,Size Issue,product ordered medium received small
Air Fryer,Color different from image during use,Color Mismatch,color different image use
Laptop,Different model received after first use,Wrong Item,different model received first use
Jeans,Product has Lid missing,Missing Parts,product lid missing
Headphones,Poor stitching during use,Quality Issue,poor stitching use
Bedsheet,Design color mismatch,Color Mismatch,design color mismatch
Kurti,Issue: Handle broke,Quality Issue,issue handle broke
Sandals,Product has Ordered medium received small after first use,Size Issue,product ordered medium received small first use
Air Fryer,Issue: Wrong variant delivered,Wrong Item,issue wrong variant delivered
Bluetooth Speaker,Product has Design color mismatch,Color Mismatch,product design color mismatch
Electric Kettle,Cracked product,Damaged Product,cracked product
Phone,Issue: Battery not charging during use,Battery Issue,issue battery charging use
T-Shirt,Image misleading,Color Mismatch,image misleading
Mixer,Issue: Leaking bottle,Damaged Product,issue leaking bottle
Phone,Received Fabric quality poor,Quality Issue,received fabric quality poor
Air Fryer,Product has Sleeves too short,Size Issue,product sleeve short
Backpack,Dent on product,Damaged Product,dent product
Phone,Wrong variant delivered during use,Wrong Item,wrong variant delivered use
Bedsheet,Very slow delivery after first use,Delivery Delay,slow delivery first use
T-Shirt,Product has Stopped working after one day,Quality Issue,product stopped working one day
Electric Kettle,Product has Size too small after first use,Size Issue,product size small first use
Water Bottle,Glass shattered,Damaged Product,glass shattered
Shirt,Different model received after first use,Wrong Item,different model received first use
Shoes,Received Needed earlier,Delivery Delay,received needed earlier
Jeans,Product has Fit not as expected,Size Issue,product fit expected
Mouse,Charger missing during use,Missing Parts,charger missing use
Water Bottle,Product has Remote missing after first use,Missing Parts,product remote missing first use
Power Bank,Product has Wrong variant delivered,Wrong Item,product wrong variant delivered
Mouse,Issue: Display cracked,Damaged Product,issue display cracked
Shoes,Received Delivered too late during use,Delivery Delay,received delivered late use
Laptop,Charging very slow after first use,Battery Issue,charging slow first use
Curtains,Received Ordered medium received small during use,Size Issue,received ordered medium received small use
Table,Package arrived after event,Delivery Delay,package arrived event
Phone,Manual missing,Missing Parts,manual missing
Electric Kettle,Received Damaged during delivery,Damaged Product,received damaged delivery
Water Bottle,Very slow delivery after first use,Delivery Delay,slow delivery first use
Headphones,Product has Battery not charging,Battery Issue,product battery charging
Table,Issue: Sleeves too short,Size Issue,issue sleeve short
Headphones,Battery overheats,Battery Issue,battery overheats
Shirt,Received Color inaccurate,Color Mismatch,received color inaccurate
Laptop,Issue: Won't hold charge,Battery Issue,issue wont hold charge
Mouse,Incorrect size sent,Wrong Item,incorrect size sent
Helmet,Product has Sleeves too short,Size Issue,product sleeve short
Air Fryer,Delivered too late after first use,Delivery Delay,delivered late first use
Curtains,Product has Battery dies in two hours,Battery Issue,product battery dy two hour
Kurti,Size too small after first use,Size Issue,size small first use
Water Bottle,Handle broke,Quality Issue,handle broke
T-Shirt,Received Stand missing,Missing Parts,received stand missing
Phone,Issue: Shade not matching during use,Color Mismatch,issue shade matching use
Curtains,Shade not matching,Color Mismatch,shade matching
Sandals,Expected black got blue after first use,Color Mismatch,expected black got blue first use
Bedsheet,Received Manual missing after first use,Missing Parts,received manual missing first use
Curtains,Battery drains quickly during use,Battery Issue,battery drain quickly use
Helmet,Received Doesn't fit,Size Issue,received doesnt fit
T-Shirt,Issue: Bent frame after first use,Damaged Product,issue bent frame first use
Headphones,Received Wrong color received,Color Mismatch,received wrong color received
Curtains,Received Battery not charging during use,Battery Issue,received battery charging use
Laptop,Product has Waist too tight,Size Issue,product waist tight
T-Shirt,Printed color faded,Color Mismatch,printed color faded
Bedsheet,Issue: Lid missing after first use,Missing Parts,issue lid missing first use
Backpack,Received Lid missing,Missing Parts,received lid missing
Mouse,Accessories missing after first use,Missing Parts,accessory missing first use
Shoes,Battery swollen,Battery Issue,battery swollen
Bluetooth Speaker,Length too short,Size Issue,length short
Backpack,Product has Shade not matching,Color Mismatch,product shade matching
Helmet,Sound quality poor during use,Quality Issue,sound quality poor use
Handbag,Product has Ordered medium received small,Size Issue,product ordered medium received small
Jeans,Remote missing,Missing Parts,remote missing
Smartwatch,Package torn,Damaged Product,package torn
Mixer,Product has Wrong variant delivered,Wrong Item,product wrong variant delivered
Table,Ordered medium received small during use,Size Issue,ordered medium received small use
Water Bottle,Battery drains quickly during use,Battery Issue,battery drain quickly use
Sandals,Left earbud not working during use,Quality Issue,left earbud working use
Shirt,Product has Broken on arrival after first use,Damaged Product,product broken arrival first use
Mouse,Different model received,Wrong Item,different model received
Mouse,Received Lid missing,Missing Parts,received lid missing
Water Bottle,Issue: Remote missing,Missing Parts,issue remote missing
Jeans,Received Battery swollen during use,Battery Issue,received battery swollen use
Headphones,Received Late shipment,Delivery Delay,received late shipment
Electric Kettle,Doesn't fit,Size Issue,doesnt fit
Smartwatch,Pattern different after first use,Color Mismatch,pattern different first use
Keyboard,Issue: Ordered medium received small,Size Issue,issue ordered medium received small
Headphones,Issue: Delayed by one week,Delivery Delay,issue delayed one week
Curtains,Material feels cheap,Quality Issue,material feel cheap
Electric Kettle,Issue: Battery not charging after first use,Battery Issue,issue battery charging first use
Laptop,Product has Battery backup poor,Battery Issue,product battery backup poor
Sandals,Issue: Accessories missing after first use,Missing Parts,issue accessory missing first use
Bluetooth Speaker,Received Won't hold charge,Battery Issue,received wont hold charge
Chair,Issue: Material feels cheap,Quality Issue,issue material feel cheap
Keyboard,Issue: Printed color faded,Color Mismatch,issue printed color faded
Smartwatch,Product has Accessories missing after first use,Missing Parts,product accessory missing first use
Table,Fabric quality poor,Quality Issue,fabric quality poor
Bluetooth Speaker,Issue: Image misleading during use,Color Mismatch,issue image misleading use
Phone,Received Delivered too late during use,Delivery Delay,received delivered late use
Helmet,Issue: Won't hold charge,Battery Issue,issue wont hold charge
Curtains,Product has One part missing,Missing Parts,product one part missing
Water Bottle,Late shipment,Delivery Delay,late shipment
Bluetooth Speaker,Issue: Wrong variant delivered,Wrong Item,issue wrong variant delivered
Mixer,Issue: Cracked product,Damaged Product,issue cracked product
Helmet,Wrong color and model after first use,Wrong Item,wrong color model first use
Smartwatch,Issue: Missed delivery date,Delivery Delay,issue missed delivery date
Keyboard,Product has Color different from image,Color Mismatch,product color different image
Backpack,Product has Incorrect product,Wrong Item,product incorrect product
Laptop,Product has Doesn't fit,Size Issue,product doesnt fit
Power Bank,Damaged during delivery,Damaged Product,damaged delivery
Water Bottle,Issue: Display cracked,Damaged Product,issue display cracked
Sandals,Accessories missing after first use,Missing Parts,accessory missing first use
Helmet,Issue: Design color mismatch after first use,Color Mismatch,issue design color mismatch first use
Chair,Received Delayed by one week,Delivery Delay,received delayed one week
Bedsheet,Shuts down suddenly,Battery Issue,shuts suddenly
Jeans,Product has Ordered medium received small,Size Issue,product ordered medium received small
Handbag,Product has Package torn after first use,Damaged Product,product package torn first use
Keyboard,Wrong color and model,Wrong Item,wrong color model
Handbag,Product has Needed earlier,Delivery Delay,product needed earlier
Bluetooth Speaker,Sleeves too short,Size Issue,sleeve short
Backpack,Received Wrong color and model during use,Wrong Item,received wrong color model use
Power Bank,Received Received another product,Wrong Item,received received another product
T-Shirt,Stand missing,Missing Parts,stand missing
Handbag,Pattern different,Color Mismatch,pattern different
Sandals,Wrong variant delivered during use,Wrong Item,wrong variant delivered use
Bluetooth Speaker,Received Sound quality poor,Quality Issue,received sound quality poor
Laptop,Product has Wrong variant delivered,Wrong Item,product wrong variant delivered
Helmet,Issue: Damaged during delivery,Damaged Product,issue damaged delivery
Handbag,Issue: Battery drains quickly,Battery Issue,issue battery drain quickly
Backpack,Issue: Wrong color and model,Wrong Item,issue wrong color model
Bedsheet,Product has Dent on product,Damaged Product,product dent product
Keyboard,Received Package arrived after event after first use,Delivery Delay,received package arrived event first use
T-Shirt,Issue: Shuts down suddenly after first use,Battery Issue,issue shuts suddenly first use
Electric Kettle,Product has Incorrect product,Wrong Item,product incorrect product
Water Bottle,Product has Zip not working,Quality Issue,product zip working
Water Bottle,Received One part missing,Missing Parts,received one part missing
T-Shirt,Issue: Order mixed up,Wrong Item,issue order mixed
Laptop,Stopped working after one day,Quality Issue,stopped working one day
Mixer,Issue: Attachment missing,Missing Parts,issue attachment missing
Laptop,Received Battery overheats during use,Battery Issue,received battery overheats use
Air Fryer,Product has Needed earlier,Delivery Delay,product needed earlier
Handbag,Product has Package arrived after event,Delivery Delay,product package arrived event
Power Bank,Received Size too small after first use,Size Issue,received size small first use
Electric Kettle,Product has Won't hold charge during use,Battery Issue,product wont hold charge use
Helmet,Issue: Button came off during use,Quality Issue,issue button came use
Mouse,Issue: Charger missing,Missing Parts,issue charger missing
Laptop,Received Neck too tight,Size Issue,received neck tight
Laptop,Pattern different,Color Mismatch,pattern different
Curtains,Received Package torn,Damaged Product,received package torn
Backpack,Battery not charging,Battery Issue,battery charging
Shoes,Incorrect size sent,Wrong Item,incorrect size sent
Bedsheet,Order mixed up,Wrong Item,order mixed
Sandals,Product has Image misleading,Color Mismatch,product image misleading
Electric Kettle,Product has Package arrived after event after first use,Delivery Delay,product package arrived event first use
Headphones,Product has Missing screws after first use,Missing Parts,product missing screw first use
Table,Damaged during delivery after first use,Damaged Product,damaged delivery first use
Curtains,Sound quality poor during use,Quality Issue,sound quality poor use
Helmet,Incorrect product,Wrong Item,incorrect product
Handbag,Size too large,Size Issue,size large
Power Bank,Issue: Material feels cheap,Quality Issue,issue material feel cheap
Curtains,Product has Order mixed up after first use,Wrong Item,product order mixed first use
Smartwatch,Waist too tight,Size Issue,waist tight
Helmet,Product has Different design received during use,Wrong Item,product different design received use
Bedsheet,Handle broke,Quality Issue,handle broke
T-Shirt,Issue: Different model received after first use,Wrong Item,issue different model received first use
Keyboard,Product has Display cracked,Damaged Product,product display cracked
Phone,Manual missing,Missing Parts,manual missing
Curtains,Issue: Missed delivery date,Delivery Delay,issue missed delivery date
Shirt,Damaged during delivery,Damaged Product,damaged delivery
Shoes,Needed earlier,Delivery Delay,needed earlier
Handbag,Product has Left earbud not working during use,Quality Issue,product left earbud working use
Power Bank,Wrong variant delivered,Wrong Item,wrong variant delivered
Mixer,Received Battery drains quickly,Battery Issue,received battery drain quickly
T-Shirt,Accessories missing,Missing Parts,accessory missing
Air Fryer,Received Battery overheats during use,Battery Issue,received battery overheats use
Water Bottle,Received Different model received after first use,Wrong Item,received different model received first use
Backpack,Issue: Material feels cheap,Quality Issue,issue material feel cheap
Smartwatch,Product has Lid missing,Missing Parts,product lid missing
Phone,Battery drains quickly during use,Battery Issue,battery drain quickly use
Sandals,Issue: Delayed by one week after first use,Delivery Delay,issue delayed one week first use
Helmet,One part missing after first use,Missing Parts,one part missing first use
T-Shirt,Issue: Delivery rescheduled during use,Delivery Delay,issue delivery rescheduled use
Bluetooth Speaker,Received Size too large,Size Issue,received size large
Keyboard,Dent on product,Damaged Product,dent product
Sandals,Product has Material feels cheap during use,Quality Issue,product material feel cheap use
Kurti,Image misleading,Color Mismatch,image misleading
Handbag,Product has Size too small,Size Issue,product size small
Phone,Delivery rescheduled during use,Delivery Delay,delivery rescheduled use
Air Fryer,Received Expected black got blue,Color Mismatch,received expected black got blue
Handbag,Issue: Scratched item during use,Damaged Product,issue scratched item use
Power Bank,Issue: Broken on arrival,Damaged Product,issue broken arrival
Mouse,Issue: Delivery delayed,Delivery Delay,issue delivery delayed
Bedsheet,Stopped working after one day,Quality Issue,stopped working one day
Jeans,Charger missing,Missing Parts,charger missing
Helmet,Size too large,Size Issue,size large
Air Fryer,Received Leaking bottle,Damaged Product,received leaking bottle
Air Fryer,Leaking bottle,Damaged Product,leaking bottle
Curtains,Issue: Package arrived after event,Delivery Delay,issue package arrived event
Shirt,Received Zip not working,Quality Issue,received zip working
Keyboard,Received Incorrect product,Wrong Item,received incorrect product
Mouse,Product has Doesn't fit during use,Size Issue,product doesnt fit use
Helmet,Product has Left earbud not working after first use,Quality Issue,product left earbud working first use
Laptop,Issue: Material feels cheap after first use,Quality Issue,issue material feel cheap first use
Electric Kettle,Issue: Wrong color received,Color Mismatch,issue wrong color received
Power Bank,Stopped working after one day,Quality Issue,stopped working one day
Shirt,Battery swollen,Battery Issue,battery swollen
Mouse,Stand missing after first use,Missing Parts,stand missing first use
T-Shirt,Issue: Battery overheats,Battery Issue,issue battery overheats
Backpack,Issue: Pattern different,Color Mismatch,issue pattern different
Backpack,Received Display cracked,Damaged Product,received display cracked
Kurti,Issue: Needed earlier,Delivery Delay,issue needed earlier
Air Fryer,Incorrect product after first use,Wrong Item,incorrect product first use
Helmet,Received Package torn,Damaged Product,received package torn
Keyboard,Battery overheats,Battery Issue,battery overheats
Chair,Issue: Sound quality poor,Quality Issue,issue sound quality poor
Mixer,Issue: Attachment missing,Missing Parts,issue attachment missing
Backpack,Product has Poor stitching,Quality Issue,product poor stitching
Bluetooth Speaker,Product has Sleeves too short,Size Issue,product sleeve short
Jeans,Received Incorrect size sent after first use,Wrong Item,received incorrect size sent first use
Power Bank,Length too short,Size Issue,length short
Backpack,Product has Scratched item,Damaged Product,product scratched item
Backpack,Issue: Wrong item delivered during use,Wrong Item,issue wrong item delivered use
Jeans,Pattern different,Color Mismatch,pattern different
Electric Kettle,Issue: Bent frame after first use,Damaged Product,issue bent frame first use
Chair,Color inaccurate after first use,Color Mismatch,color inaccurate first use
Power Bank,Product has Display cracked,Damaged Product,product display cracked
Bedsheet,Battery overheats,Battery Issue,battery overheats
Smartwatch,Received Missing screws,Missing Parts,received missing screw
Phone,Incorrect size sent,Wrong Item,incorrect size sent
Power Bank,Product has Length too short,Size Issue,product length short
Helmet,Battery dies in two hours,Battery Issue,battery dy two hour
Table,Order mixed up,Wrong Item,order mixed
Keyboard,Product has Sound quality poor after first use,Quality Issue,product sound quality poor first use
Phone,Issue: Handle broke,Quality Issue,issue handle broke
Water Bottle,Product has Accessories missing after first use,Missing Parts,product accessory missing first use
Water Bottle,Received Color looks different after first use,Color Mismatch,received color look different first use
Electric Kettle,Very slow delivery,Delivery Delay,slow delivery
Headphones,Design color mismatch,Color Mismatch,design color mismatch
Sandals,Received Damaged during delivery during use,Damaged Product,received damaged delivery use
Bluetooth Speaker,Material feels cheap,Quality Issue,material feel cheap
Electric Kettle,Received Neck too tight,Size Issue,received neck tight
Jeans,Received Delivery rescheduled after first use,Delivery Delay,received delivery rescheduled first use
Shoes,Pattern different after first use,Color Mismatch,pattern different first use
Laptop,Product has Size too large during use,Size Issue,product size large use
Chair,Issue: Zip not working,Quality Issue,issue zip working
Power Bank,Received Battery drains quickly,Battery Issue,received battery drain quickly
Jeans,Product has Fabric quality poor,Quality Issue,product fabric quality poor
Headphones,Received Screen flickering during use,Quality Issue,received screen flickering use
Handbag,Issue: Lid missing during use,Missing Parts,issue lid missing use
Backpack,Color different from image,Color Mismatch,color different image
Shoes,Too loose,Size Issue,loose
Keyboard,Sound quality poor,Quality Issue,sound quality poor
Shoes,Received Different design received during use,Wrong Item,received different design received use
Sandals,Charger missing during use,Missing Parts,charger missing use
Headphones,Product has Power issue during use,Battery Issue,product power issue use
Mixer,Received Incorrect size sent,Wrong Item,received incorrect size sent
Jeans,Battery not charging,Battery Issue,battery charging
Chair,Attachment missing,Missing Parts,attachment missing
Laptop,Issue: Dent on product,Damaged Product,issue dent product
Phone,Product has Battery overheats,Battery Issue,product battery overheats
T-Shirt,Product has Received another product,Wrong Item,product received another product
Power Bank,Neck too tight,Size Issue,neck tight
Bluetooth Speaker,Different model received after first use,Wrong Item,different model received first use
Water Bottle,Product has Package arrived after event after first use,Delivery Delay,product package arrived event first use
Helmet,Left earbud not working after first use,Quality Issue,left earbud working first use
Power Bank,Received Design color mismatch,Color Mismatch,received design color mismatch
Kurti,Different design received,Wrong Item,different design received
Smartwatch,Product has Color looks different,Color Mismatch,product color look different
Headphones,Issue: Expected black got blue,Color Mismatch,issue expected black got blue
Sandals,Received Shade not matching during use,Color Mismatch,received shade matching use
Water Bottle,Received Delivery rescheduled during use,Delivery Delay,received delivery rescheduled use
Handbag,Button came off,Quality Issue,button came
Chair,Product has Incorrect size sent,Wrong Item,product incorrect size sent
Shirt,Fabric quality poor,Quality Issue,fabric quality poor
Laptop,Stand missing,Missing Parts,stand missing
Chair,Issue: Incorrect product after first use,Wrong Item,issue incorrect product first use
Headphones,Image misleading,Color Mismatch,image misleading
Keyboard,Battery swollen,Battery Issue,battery swollen
Keyboard,One part missing after first use,Missing Parts,one part missing first use
Kurti,Issue: Power issue after first use,Battery Issue,issue power issue first use
Table,Product has Won't hold charge during use,Battery Issue,product wont hold charge use
Headphones,Issue: Color different from image after first use,Color Mismatch,issue color different image first use
Water Bottle,Product has Left earbud not working,Quality Issue,product left earbud working
Water Bottle,Issue: Scratched item during use,Damaged Product,issue scratched item use
Jeans,Received Delivered too late,Delivery Delay,received delivered late
Table,Wrong variant delivered,Wrong Item,wrong variant delivered
Handbag,Issue: Charging very slow,Battery Issue,issue charging slow
Bluetooth Speaker,Issue: Handle broke after first use,Quality Issue,issue handle broke first use
Water Bottle,Issue: One part missing during use,Missing Parts,issue one part missing use
Kurti,Issue: Neck too tight after first use,Size Issue,issue neck tight first use
Keyboard,Received Broken on arrival after first use,Damaged Product,received broken arrival first use
Phone,Received Battery overheats,Battery Issue,received battery overheats
Smartwatch,Received Zip not working,Quality Issue,received zip working
Mouse,Product has Delivery rescheduled,Delivery Delay,product delivery rescheduled
Shirt,Product has Charging very slow,Battery Issue,product charging slow
Table,Product has Won't hold charge after first use,Battery Issue,product wont hold charge first use
Kurti,Too loose after first use,Size Issue,loose first use
Keyboard,Issue: Incorrect size sent,Wrong Item,issue incorrect size sent
Shoes,Product has Waist too tight during use,Size Issue,product waist tight use
Phone,Product has Delivery rescheduled during use,Delivery Delay,product delivery rescheduled use
Electric Kettle,Product has Won't hold charge,Battery Issue,product wont hold charge
Bedsheet,Received Incorrect size sent during use,Wrong Item,received incorrect size sent use
Backpack,Issue: Zip not working after first use,Quality Issue,issue zip working first use
Laptop,Poor stitching,Quality Issue,poor stitching
Helmet,Remote missing after first use,Missing Parts,remote missing first use
Helmet,Delayed by one week,Delivery Delay,delayed one week
Mouse,Product has Fabric quality poor,Quality Issue,product fabric quality poor
Keyboard,Issue: Ordered medium received small,Size Issue,issue ordered medium received small
Smartwatch,Product has Neck too tight during use,Size Issue,product neck tight use
Table,One part missing,Missing Parts,one part missing
Bluetooth Speaker,Issue: Remote missing after first use,Missing Parts,issue remote missing first use
Helmet,Left earbud not working during use,Quality Issue,left earbud working use
Shirt,Received another product,Wrong Item,received another product
Shirt,Issue: Handle broke after first use,Quality Issue,issue handle broke first use
Water Bottle,Image misleading after first use,Color Mismatch,image misleading first use
Bluetooth Speaker,Received Stand missing,Missing Parts,received stand missing
Water Bottle,Stand missing,Missing Parts,stand missing
Smartwatch,Cable missing,Missing Parts,cable missing
Water Bottle,Needed earlier,Delivery Delay,needed earlier
Mixer,Late shipment,Delivery Delay,late shipment
Sandals,Remote missing after first use,Missing Parts,remote missing first use
T-Shirt,Product has Needed earlier,Delivery Delay,product needed earlier
Chair,One part missing,Missing Parts,one part missing
Handbag,Charging very slow,Battery Issue,charging slow
Helmet,Issue: Battery swollen,Battery Issue,issue battery swollen
Headphones,Received Left earbud not working,Quality Issue,received left earbud working
Backpack,Ordered medium received small,Size Issue,ordered medium received small
Jeans,Product has Different design received during use,Wrong Item,product different design received use
Laptop,Delivered too late,Delivery Delay,delivered late
Helmet,Damaged during delivery,Damaged Product,damaged delivery
