Product,Return_Reason,Category
Bedsheet,Received Poor stitching after first use,Quality Issue
Bedsheet,Cracked product,Damaged Product
Smartwatch,Screen flickering,Quality Issue
Headphones,Zip not working,Quality Issue
Laptop,Neck too tight during use,Size Issue
Table,Received Leaking bottle,Damaged Product
Air Fryer,Received Charging very slow after first use,Battery Issue
T-Shirt,Dent on product during use,Damaged Product
Water Bottle,Sound quality poor,Quality Issue
Chair,Fit not as expected during use,Size Issue
Mixer,Handle broke,Quality Issue
Jeans,Product has Broken on arrival,Damaged Product
T-Shirt,Issue: Zip not working,Quality Issue
Phone,Received Package arrived after event,Delivery Delay
Curtains,Display cracked,Damaged Product
Bedsheet,Product has Power issue after first use,Battery Issue
Bluetooth Speaker,Courier delay after first use,Delivery Delay
Headphones,Color different from image,Color Mismatch
Shoes,Product has Manual missing,Missing Parts
Handbag,Issue: Expected black got blue during use,Color Mismatch
Bluetooth Speaker,Product has Needed earlier after first use,Delivery Delay
Smartwatch,Different design received during use,Wrong Item
Kurti,Expected black got blue during use,Color Mismatch
T-Shirt,Product has Poor stitching after first use,Quality Issue
Shoes,Issue: Stand missing during use,Missing Parts
Bluetooth Speaker,Very slow delivery,Delivery Delay
Electric Kettle,Received Handle broke,Quality Issue
Smartwatch,Product has Left earbud not working during use,Quality Issue
Keyboard,Product has Waist too tight,Size Issue
Handbag,Left earbud not working,Quality Issue
Water Bottle,Product has Cracked product,Damaged Product
Air Fryer,Issue: Too loose,Size Issue
Mixer,Product has Sound quality poor,Quality Issue
Shoes,Bent frame during use,Damaged Product
Electric Kettle,Product has Handle broke after first use,Quality Issue
Phone,Received Very slow delivery,Delivery Delay
Chair,Product has Cable missing,Missing Parts
Power Bank,One part missing during use,Missing Parts
Headphones,Zip not working,Quality Issue
Chair,Product has Too loose,Size Issue
Shoes,Damaged during delivery after first use,Damaged Product
Air Fryer,Poor stitching,Quality Issue
Sandals,Issue: Display cracked after first use,Damaged Product
Table,Issue: Won't hold charge after first use,Battery Issue
Laptop,Courier delay,Delivery Delay
Smartwatch,Issue: One part missing during use,Missing Parts
Jeans,Issue: Size too large,Size Issue
Laptop,Product has Zip not working,Quality Issue
Smartwatch,Product has Needed earlier,Delivery Delay
Shoes,Issue: Missed delivery date,Delivery Delay
Handbag,Poor stitching,Quality Issue
Phone,Issue: Zip not working during use,Quality Issue
Backpack,Missed delivery date after first use,Delivery Delay
Backpack,Received Missing screws during use,Missing Parts
Curtains,Wrong color and model during use,Wrong Item
Mixer,Product has Battery backup poor,Battery Issue
Jeans,Length too short,Size Issue
Keyboard,Product has Very slow delivery,Delivery Delay
Shoes,Button came off,Quality Issue
T-Shirt,Glass shattered after first use,Damaged Product
Shoes,Issue: Too loose,Size Issue
Laptop,Received Printed color faded after first use,Color Mismatch
Kurti,Received Wrong color and model during use,Wrong Item
Shirt,Issue: Wrong color received,Color Mismatch
Chair,Product has Fabric quality poor,Quality Issue
Water Bottle,Incorrect size sent after first use,Wrong Item
Phone,Issue: Printed color faded,Color Mismatch
Handbag,Different design received,Wrong Item
Kurti,Received Different model received,Wrong Item
Kurti,Received Handle broke,Quality Issue
Laptop,Received Dent on product,Damaged Product
Jeans,Late shipment during use,Delivery Delay
Shirt,Received Wrong item delivered after first use,Wrong Item
Bedsheet,Issue: Incorrect size sent,Wrong Item
Shirt,Attachment missing,Missing Parts
Jeans,Received Power issue,Battery Issue
Kurti,Charging very slow,Battery Issue
Water Bottle,Product has Color different from image after first use,Color Mismatch
Electric Kettle,Sound quality poor during use,Quality Issue
Phone,Product has Battery backup poor during use,Battery Issue
Bedsheet,Received Doesn't fit during use,Size Issue
Phone,Display cracked during use,Damaged Product
Headphones,Product has Fit not as expected during use,Size Issue
Headphones,Product has Printed color faded,Color Mismatch
Air Fryer,Received Glass shattered,Damaged Product
Handbag,Wrong brand received during use,Wrong Item
T-Shirt,Received Color different from image after first use,Color Mismatch
T-Shirt,Wrong item delivered during use,Wrong Item
Smartwatch,Color looks different,Color Mismatch
Table,Product has Material feels cheap,Quality Issue
Shirt,Ordered medium received small,Size Issue
Smartwatch,Dent on product,Damaged Product
Bedsheet,Received Wrong color received,Color Mismatch
Air Fryer,Issue: Wrong color and model,Wrong Item
Smartwatch,Issue: Battery backup poor after first use,Battery Issue
Chair,Wrong color and model,Wrong Item
Smartwatch,Received another product,Wrong Item
Power Bank,Issue: Design color mismatch after first use,Color Mismatch
Sandals,Needed earlier,Delivery Delay
Electric Kettle,Product has Wrong color received,Color Mismatch
Kurti,Package torn,Damaged Product
Helmet,Leaking bottle during use,Damaged Product
Laptop,Issue: Stand missing during use,Missing Parts
Kurti,Cable missing,Missing Parts
Phone,Cable missing during use,Missing Parts
Headphones,Neck too tight during use,Size Issue
Sandals,Battery swollen,Battery Issue
Helmet,Design color mismatch during use,Color Mismatch
Bedsheet,Issue: Needed earlier during use,Delivery Delay
Handbag,Received Received another product,Wrong Item
Bluetooth Speaker,Issue: Missed delivery date,Delivery Delay
Bluetooth Speaker,Received Received another product,Wrong Item
Kurti,Product has Button came off during use,Quality Issue
Shoes,Issue: Battery backup poor during use,Battery Issue
Power Bank,Issue: Pattern different,Color Mismatch
Backpack,Glass shattered,Damaged Product
Shirt,Received Lid missing,Missing Parts
Chair,Charger missing,Missing Parts
Headphones,Received Leaking bottle during use,Damaged Product
Backpack,Received Delivered too late during use,Delivery Delay
Kurti,Battery swollen,Battery Issue
Table,Ordered medium received small,Size Issue
Kurti,Issue: Material feels cheap after first use,Quality Issue
Backpack,Received Waist too tight after first use,Size Issue
Air Fryer,Issue: Package arrived after event,Delivery Delay
Shoes,Issue: Manual missing,Missing Parts
Headphones,Length too short,Size Issue
Laptop,Sleeves too short,Size Issue
Kurti,Issue: Battery backup poor,Battery Issue
Curtains,Received Leaking bottle,Damaged Product
Helmet,Won't hold charge after first use,Battery Issue
Table,Different model received,Wrong Item
Curtains,Product has Charger missing,Missing Parts
Curtains,Received Broken on arrival,Damaged Product
Jeans,Received Screen flickering,Quality Issue
Shoes,One part missing,Missing Parts
Mouse,Ordered medium received small during use,Size Issue
Curtains,Product has Design color mismatch during use,Color Mismatch
Handbag,Received Power issue,Battery Issue
Smartwatch,Delivery rescheduled,Delivery Delay
Shoes,Received Expected black got blue during use,Color Mismatch
Table,Leaking bottle during use,Damaged Product
Mouse,Received Color different from image after first use,Color Mismatch
Water Bottle,Received Missed delivery date,Delivery Delay
Curtains,Received Different design received,Wrong Item
Laptop,Neck too tight after first use,Size Issue
Chair,Product has Lid missing during use,Missing Parts
Shirt,Delivery rescheduled,Delivery Delay
Curtains,Product has Glass shattered,Damaged Product
Chair,Design color mismatch,Color Mismatch
Air Fryer,Received Attachment missing during use,Missing Parts
Bluetooth Speaker,Product has Wrong variant delivered,Wrong Item
T-Shirt,Dent on product after first use,Damaged Product
Bedsheet,Issue: Package torn,Damaged Product
Laptop,Received Different model received after first use,Wrong Item
Mixer,Shade not matching,Color Mismatch
Jeans,Shuts down suddenly,Battery Issue
Handbag,Issue: Incorrect size sent,Wrong Item
Mixer,Issue: Too loose during use,Size Issue
Phone,Package arrived after event,Delivery Delay
Shoes,Issue: Delivery delayed during use,Delivery Delay
Handbag,Screen flickering after first use,Quality Issue
Mixer,Won't hold charge after first use,Battery Issue
Electric Kettle,Issue: Handle broke,Quality Issue
Backpack,Issue: Scratched item during use,Damaged Product
Smartwatch,Received Different design received,Wrong Item
Bedsheet,Too loose after first use,Size Issue
Sandals,Display cracked after first use,Damaged Product
Chair,Cracked product after first use,Damaged Product
Power Bank,Ordered medium received small during use,Size Issue
Headphones,Received Wrong item delivered,Wrong Item
Sandals,Product has Delivery delayed,Delivery Delay
T-Shirt,Glass shattered after first use,Damaged Product
Kurti,Shuts down suddenly,Battery Issue
Helmet,Shuts down suddenly,Battery Issue
Power Bank,Received Delivery delayed during use,Delivery Delay
Chair,Issue: Incorrect product during use,Wrong Item
Jeans,Issue: Screen flickering,Quality Issue
Shoes,Product has Wrong item delivered,Wrong Item
Table,Waist too tight after first use,Size Issue
Handbag,Issue: Very slow delivery,Delivery Delay
Smartwatch,Issue: Won't hold charge,Battery Issue
Smartwatch,Received Package arrived after event,Delivery Delay
Air Fryer,Issue: Button came off during use,Quality Issue
Electric Kettle,Wrong color and model,Wrong Item
Air Fryer,Received Delivery delayed,Delivery Delay
Keyboard,Material feels cheap,Quality Issue
Jeans,Product has Courier delay,Delivery Delay
Electric Kettle,Issue: Color inaccurate during use,Color Mismatch
Bluetooth Speaker,Sleeves too short after first use,Size Issue
Curtains,Issue: Order mixed up,Wrong Item
Headphones,Product has Too loose,Size Issue
Smartwatch,Neck too tight after first use,Size Issue
T-Shirt,Product has Stopped working after one day during use,Quality Issue
Curtains,Received Incorrect product during use,Wrong Item
Headphones,Issue: Delivery rescheduled,Delivery Delay
Laptop,Charging very slow,Battery Issue
Bluetooth Speaker,Issue: Battery not charging,Battery Issue
Mixer,Received Wrong item delivered,Wrong Item
Power Bank,Needed earlier during use,Delivery Delay
Chair,Color looks different during use,Color Mismatch
Laptop,Product has Package arrived after event,Delivery Delay
Electric Kettle,Issue: Cable missing,Missing Parts
Curtains,Issue: Design color mismatch during use,Color Mismatch
Jeans,Product has Battery swollen,Battery Issue
Power Bank,Wrong color received,Color Mismatch
Bedsheet,Product has Delivered too late during use,Delivery Delay
Mouse,Received Battery not charging,Battery Issue
Air Fryer,Accessories missing during use,Missing Parts
Chair,Design color mismatch,Color Mismatch
Handbag,Received Zip not working after first use,Quality Issue
T-Shirt,Material feels cheap during use,Quality Issue
Shirt,Shuts down suddenly,Battery Issue
Water Bottle,Received Waist too tight during use,Size Issue
Keyboard,Issue: Battery backup poor,Battery Issue
Phone,Battery overheats,Battery Issue
Sandals,Product has Stand missing during use,Missing Parts
Power Bank,Received Battery backup poor during use,Battery Issue
Power Bank,Received Wrong item delivered,Wrong Item
Power Bank,Received Battery not charging,Battery Issue
Curtains,Received Wrong color and model during use,Wrong Item
Backpack,Issue: Received another product,Wrong Item
Table,Received Glass shattered,Damaged Product
Shirt,Issue: Wrong variant delivered,Wrong Item
Sandals,Too loose,Size Issue
Electric Kettle,Product has Late shipment,Delivery Delay
Handbag,Product has Expected black got blue,Color Mismatch
Handbag,Incorrect size sent,Wrong Item
Jeans,Order mixed up,Wrong Item
Mixer,Received Battery not charging during use,Battery Issue
Kurti,Battery backup poor,Battery Issue
Bluetooth Speaker,Issue: Incorrect size sent,Wrong Item
Power Bank,Wrong color received after first use,Color Mismatch
Chair,Received Glass shattered,Damaged Product
Bluetooth Speaker,Missing screws,Missing Parts
Sandals,Received Package arrived after event,Delivery Delay
T-Shirt,Product has One part missing during use,Missing Parts
Chair,Received Too loose,Size Issue
Handbag,Issue: Broken on arrival,Damaged Product
Kurti,Accessories missing,Missing Parts
T-Shirt,Order mixed up after first use,Wrong Item
Power Bank,Received Charging very slow,Battery Issue
Bedsheet,Product has Stand missing during use,Missing Parts
Helmet,Issue: Stopped working after one day,Quality Issue
Laptop,Issue: Length too short during use,Size Issue
T-Shirt,Received Dent on product,Damaged Product
Backpack,Received Color different from image after first use,Color Mismatch
Shoes,Product has Stopped working after one day,Quality Issue
Air Fryer,Product has Size too small after first use,Size Issue
Electric Kettle,Broken on arrival after first use,Damaged Product
Air Fryer,Product has Package torn,Damaged Product
Kurti,Product has Waist too tight,Size Issue
T-Shirt,Incorrect size sent after first use,Wrong Item
Headphones,Length too short,Size Issue
Bluetooth Speaker,Doesn't fit after first use,Size Issue
T-Shirt,Attachment missing during use,Missing Parts
Keyboard,Package arrived after event,Delivery Delay
Headphones,Very slow delivery,Delivery Delay
Handbag,Order mixed up,Wrong Item
Smartwatch,Courier delay during use,Delivery Delay
Shoes,Received Delivery delayed,Delivery Delay
Kurti,Received Battery not charging,Battery Issue
Helmet,Image misleading,Color Mismatch
Helmet,Issue: Very slow delivery,Delivery Delay
Bedsheet,Product has Handle broke during use,Quality Issue
Smartwatch,Received Missed delivery date during use,Delivery Delay
Bedsheet,Charger missing,Missing Parts
Sandals,Received One part missing,Missing Parts
Shoes,Battery swollen,Battery Issue
T-Shirt,Received Material feels cheap after first use,Quality Issue
Chair,Too loose,Size Issue
Water Bottle,Issue: Material feels cheap,Quality Issue
Mixer,Received Different design received,Wrong Item
Sandals,Issue: Cracked product after first use,Damaged Product
Chair,Received Sound quality poor,Quality Issue
Headphones,Issue: Different design received,Wrong Item
Sandals,Received Too loose,Size Issue
Curtains,Received Shuts down suddenly,Battery Issue
Phone,Product has Color different from image,Color Mismatch
Kurti,Accessories missing,Missing Parts
Smartwatch,Issue: Glass shattered,Damaged Product
Mixer,Received Battery dies in two hours,Battery Issue
Kurti,Product has Poor stitching,Quality Issue
Bluetooth Speaker,Issue: Size too large during use,Size Issue
Power Bank,Issue: Delayed by one week,Delivery Delay
T-Shirt,Received Scratched item during use,Damaged Product
Sandals,Left earbud not working during use,Quality Issue
Headphones,Issue: Wrong item delivered,Wrong Item
Laptop,Received Size too small after first use,Size Issue
Mixer,Received Shuts down suddenly,Battery Issue
Bedsheet,Issue: Fit not as expected after first use,Size Issue
Chair,Product has Charging very slow,Battery Issue
Backpack,Wrong color received during use,Color Mismatch
Shoes,Received Fit not as expected,Size Issue
Backpack,Issue: Stand missing,Missing Parts
Shirt,Received Material feels cheap after first use,Quality Issue
Shoes,Issue: Package arrived after event,Delivery Delay
Table,Issue: Glass shattered,Damaged Product
Mixer,Received Material feels cheap after first use,Quality Issue
Shoes,Shade not matching,Color Mismatch
Water Bottle,Product has Dent on product after first use,Damaged Product
Bluetooth Speaker,Product has Button came off after first use,Quality Issue
Phone,Issue: Battery not charging during use,Battery Issue
Handbag,Delayed by one week,Delivery Delay
Power Bank,Shade not matching during use,Color Mismatch
Bluetooth Speaker,Late shipment,Delivery Delay
Shoes,Received Pattern different during use,Color Mismatch
Jeans,Received Delivered too late,Delivery Delay
Helmet,Fabric quality poor,Quality Issue
Table,Lid missing,Missing Parts
Handbag,Product has Delayed by one week,Delivery Delay
Kurti,Very slow delivery during use,Delivery Delay
Curtains,Sound quality poor,Quality Issue
Headphones,Issue: Battery drains quickly during use,Battery Issue
Water Bottle,Received Battery dies in two hours during use,Battery Issue
Sandals,One part missing,Missing Parts
Air Fryer,Wrong color received,Color Mismatch
Bluetooth Speaker,Manual missing after first use,Missing Parts
Table,Product has Wrong color received,Color Mismatch
Kurti,Wrong color and model,Wrong Item
Backpack,Received Incorrect product after first use,Wrong Item
Keyboard,Received Material feels cheap,Quality Issue
Phone,Product has Printed color faded,Color Mismatch
Headphones,Product has Missed delivery date after first use,Delivery Delay
T-Shirt,Left earbud not working,Quality Issue
Electric Kettle,Length too short after first use,Size Issue
Phone,Product has Remote missing,Missing Parts
Jeans,Issue: Battery swollen,Battery Issue
Helmet,Received Leaking bottle during use,Damaged Product
Headphones,Received Scratched item during use,Damaged Product
Sandals,Dent on product during use,Damaged Product
Electric Kettle,Issue: Late shipment,Delivery Delay
Laptop,Remote missing after first use,Missing Parts
Handbag,Issue: Wrong item delivered,Wrong Item
T-Shirt,Received Handle broke,Quality Issue
Power Bank,Shuts down suddenly after first use,Battery Issue
Headphones,Issue: Accessories missing,Missing Parts
Jeans,Issue: Ordered medium received small,Size Issue
Backpack,Expected black got blue,Color Mismatch
Air Fryer,Damaged during delivery,Damaged Product
Jeans,Received Battery overheats during use,Battery Issue
Power Bank,Battery swollen,Battery Issue
Bluetooth Speaker,Product has Poor stitching after first use,Quality Issue
Electric Kettle,Received Accessories missing after first use,Missing Parts
Jeans,Product has Different model received during use,Wrong Item
T-Shirt,Issue: Delivery delayed,Delivery Delay
Table,Product has Neck too tight after first use,Size Issue
Shirt,Wrong color and model,Wrong Item
Smartwatch,Product has Bent frame,Damaged Product
Keyboard,Wrong color received,Color Mismatch
Mouse,Ordered medium received small during use,Size Issue
Bedsheet,Printed color faded,Color Mismatch
Headphones,Sound quality poor,Quality Issue
Jeans,Received Shade not matching,Color Mismatch
Electric Kettle,Issue: Shade not matching during use,Color Mismatch
Shoes,Issue: Battery overheats,Battery Issue
Jeans,Product has Received another product,Wrong Item
Keyboard,Issue: Printed color faded,Color Mismatch
Jeans,Product has Late shipment,Delivery Delay
Handbag,Received Color different from image,Color Mismatch
Smartwatch,Issue: Sound quality poor during use,Quality Issue
Phone,Issue: One part missing during use,Missing Parts
Bluetooth Speaker,Pattern different during use,Color Mismatch
Helmet,Product has Material feels cheap,Quality Issue
T-Shirt,Wrong brand received,Wrong Item
Power Bank,Wrong variant delivered during use,Wrong Item
Water Bottle,Issue: Battery swollen,Battery Issue
Smartwatch,Received Color inaccurate,Color Mismatch
Water Bottle,Material feels cheap after first use,Quality Issue
Helmet,Issue: Doesn't fit,Size Issue
Headphones,Received Battery not charging,Battery Issue
Jeans,Stand missing after first use,Missing Parts
Water Bottle,Issue: Package arrived after event,Delivery Delay
Water Bottle,Issue: Power issue,Battery Issue
T-Shirt,Received another product after first use,Wrong Item
Backpack,Very slow delivery,Delivery Delay
Curtains,Issue: Wrong variant delivered after first use,Wrong Item
Laptop,Order mixed up after first use,Wrong Item
Phone,Issue: Stopped working after one day,Quality Issue
Curtains,Color looks different,Color Mismatch
Phone,Product has Wrong variant delivered,Wrong Item
Laptop,Product has Broken on arrival after first use,Damaged Product
Water Bottle,Delivered too late,Delivery Delay
Chair,Product has Design color mismatch,Color Mismatch
Mixer,Issue: Fabric quality poor during use,Quality Issue
Table,Charger missing after first use,Missing Parts
Power Bank,Issue: Wrong color received,Color Mismatch
Electric Kettle,Shade not matching,Color Mismatch
Smartwatch,Battery overheats,Battery Issue
Kurti,Received Handle broke after first use,Quality Issue
Curtains,Product has Battery dies in two hours,Battery Issue
Bluetooth Speaker,Product has Different model received,Wrong Item
Handbag,Received Incorrect size sent,Wrong Item
Handbag,Product has Handle broke,Quality Issue
Sandals,Battery overheats,Battery Issue
Jeans,Color inaccurate,Color Mismatch
Bluetooth Speaker,Product has Too loose,Size Issue
Handbag,Stand missing during use,Missing Parts
Mouse,Product has Wrong variant delivered during use,Wrong Item
Shoes,Order mixed up after first use,Wrong Item
Mouse,Issue: Courier delay after first use,Delivery Delay
Kurti,Received Color inaccurate,Color Mismatch
Kurti,Received Image misleading,Color Mismatch
Headphones,Issue: Sound quality poor,Quality Issue
Headphones,Product has Order mixed up,Wrong Item
Backpack,Waist too tight during use,Size Issue
Air Fryer,Cracked product,Damaged Product
Mouse,Cracked product during use,Damaged Product
Mouse,Late shipment,Delivery Delay
Power Bank,Product has Attachment missing after first use,Missing Parts
Jeans,Received Color different from image during use,Color Mismatch
Chair,Late shipment,Delivery Delay
Bluetooth Speaker,Received Remote missing during use,Missing Parts
Backpack,Color different from image,Color Mismatch
Chair,Received Dent on product,Damaged Product
Power Bank,Attachment missing,Missing Parts
T-Shirt,Issue: Button came off,Quality Issue
Water Bottle,Product has Pattern different after first use,Color Mismatch
Jeans,Attachment missing,Missing Parts
Mouse,Battery dies in two hours during use,Battery Issue
Keyboard,Product has Won't hold charge,Battery Issue
Backpack,Shade not matching,Color Mismatch
Keyboard,Pattern different during use,Color Mismatch
Shirt,Received Order mixed up,Wrong Item
Table,Received Material feels cheap,Quality Issue
Handbag,Late shipment,Delivery Delay
Table,Issue: Damaged during delivery after first use,Damaged Product
Sandals,Product has Remote missing,Missing Parts
Shirt,Issue: Zip not working,Quality Issue
Smartwatch,Product has Remote missing during use,Missing Parts
Curtains,Product has Delivered too late,Delivery Delay
Air Fryer,Issue: Scratched item,Damaged Product
Phone,Issue: One part missing,Missing Parts
Water Bottle,Received Pattern different,Color Mismatch
Headphones,Received Missed delivery date,Delivery Delay
Mixer,Received Received another product after first use,Wrong Item
Mouse,Received Package arrived after event,Delivery Delay
T-Shirt,Wrong variant delivered,Wrong Item
Water Bottle,Product has Charger missing,Missing Parts
Curtains,Waist too tight,Size Issue
Bedsheet,Issue: Late shipment after first use,Delivery Delay
Bluetooth Speaker,Scratched item,Damaged Product
Helmet,Battery not charging after first use,Battery Issue
Sandals,Damaged during delivery after first use,Damaged Product
T-Shirt,Issue: Damaged during delivery,Damaged Product
Sandals,Product has Delivery delayed,Delivery Delay
Handbag,Issue: Charging very slow during use,Battery Issue
Air Fryer,Received Display cracked,Damaged Product
Headphones,Screen flickering,Quality Issue
Phone,Charging very slow during use,Battery Issue
Bedsheet,Received Needed earlier,Delivery Delay
Table,Waist too tight,Size Issue
Power Bank,Printed color faded,Color Mismatch
Keyboard,Issue: Needed earlier,Delivery Delay
Air Fryer,Product has Broken on arrival during use,Damaged Product
Shirt,Received Incorrect size sent,Wrong Item
Helmet,Issue: Cracked product during use,Damaged Product
Backpack,Wrong color received after first use,Color Mismatch
Air Fryer,Product has Battery swollen,Battery Issue
Headphones,Issue: Wrong color and model,Wrong Item
Table,Printed color faded,Color Mismatch
Curtains,Product has Wrong brand received,Wrong Item
Mixer,Product has Stopped working after one day during use,Quality Issue
Handbag,Received Different model received,Wrong Item
Kurti,Issue: Package torn after first use,Damaged Product
Water Bottle,Issue: Delayed by one week,Delivery Delay
Sandals,Product has Very slow delivery after first use,Delivery Delay
Power Bank,Handle broke,Quality Issue
T-Shirt,Screen flickering,Quality Issue
Chair,Product has Bent frame after first use,Damaged Product
Power Bank,Pattern different after first use,Color Mismatch
Keyboard,Issue: Delivery delayed,Delivery Delay
Keyboard,Issue: Needed earlier during use,Delivery Delay
Power Bank,Received Neck too tight,Size Issue
Shirt,Product has Manual missing,Missing Parts
Smartwatch,Received Poor stitching,Quality Issue
Mouse,Size too large,Size Issue
Electric Kettle,Product has Remote missing during use,Missing Parts
Power Bank,Issue: Image misleading during use,Color Mismatch
Kurti,Received Handle broke,Quality Issue
Backpack,Power issue after first use,Battery Issue
Electric Kettle,Damaged during delivery,Damaged Product
Smartwatch,Very slow delivery during use,Delivery Delay
Power Bank,Received Package torn after first use,Damaged Product
Bedsheet,Received another product,Wrong Item
Electric Kettle,Stand missing after first use,Missing Parts
T-Shirt,Broken on arrival,Damaged Product
Sandals,Delayed by one week after first use,Delivery Delay
Power Bank,Product has Ordered medium received small,Size Issue
Kurti,Damaged during delivery,Damaged Product
Air Fryer,Bent frame,Damaged Product
Mixer,Product has Expected black got blue,Color Mismatch
Mixer,Received Glass shattered,Damaged Product
Chair,Issue: Charging very slow,Battery Issue
Keyboard,Received Image misleading during use,Color Mismatch
Mixer,Issue: Remote missing after first use,Missing Parts
Headphones,Received Missed delivery date after first use,Delivery Delay
Chair,Issue: Delivered too late during use,Delivery Delay
Headphones,Received Charging very slow after first use,Battery Issue
Power Bank,Received Wrong color received,Color Mismatch
Bluetooth Speaker,Issue: Damaged during delivery,Damaged Product
Laptop,Size too large,Size Issue
Laptop,Received Leaking bottle,Damaged Product
Laptop,Sleeves too short during use,Size Issue
Curtains,Product has Bent frame during use,Damaged Product
Air Fryer,Received Scratched item during use,Damaged Product
Handbag,Received Very slow delivery,Delivery Delay
Keyboard,Issue: Wrong brand received during use,Wrong Item
Electric Kettle,Received Stopped working after one day after first use,Quality Issue
Smartwatch,Color looks different,Color Mismatch
Shirt,Received Cracked product,Damaged Product
Kurti,Product has Manual missing,Missing Parts
Table,Product has Glass shattered during use,Damaged Product
Electric Kettle,Issue: Printed color faded during use,Color Mismatch
Bedsheet,Received Needed earlier after first use,Delivery Delay
Mouse,Product has Power issue,Battery Issue
Jeans,Neck too tight,Size Issue
Kurti,Product has Ordered medium received small,Size Issue
Laptop,Battery drains quickly during use,Battery Issue
Helmet,Color different from image during use,Color Mismatch
Shirt,Delivered too late,Delivery Delay
Shirt,Missing screws,Missing Parts
Keyboard,Issue: Wrong item delivered after first use,Wrong Item
Keyboard,Product has Fabric quality poor after first use,Quality Issue
Keyboard,Received Bent frame,Damaged Product
Shoes,Received Wrong color and model during use,Wrong Item
Headphones,Product has Delayed by one week,Delivery Delay
Shoes,Issue: Poor stitching during use,Quality Issue
Mouse,Attachment missing,Missing Parts
Mouse,Issue: Battery not charging,Battery Issue
Jeans,Product has Handle broke after first use,Quality Issue
Jeans,Late shipment,Delivery Delay
Air Fryer,Doesn't fit after first use,Size Issue
Shoes,Received Charging very slow after first use,Battery Issue
Backpack,Bent frame,Damaged Product
Curtains,Remote missing,Missing Parts
T-Shirt,Issue: Color different from image after first use,Color Mismatch
Helmet,Sound quality poor,Quality Issue
Shirt,Received One part missing during use,Missing Parts
Water Bottle,Missed delivery date during use,Delivery Delay
Sandals,Remote missing during use,Missing Parts
Mixer,Product has Screen flickering,Quality Issue
Kurti,Issue: Left earbud not working after first use,Quality Issue
Water Bottle,One part missing,Missing Parts
Power Bank,Received Waist too tight,Size Issue
Shoes,Product has Button came off during use,Quality Issue
Chair,Very slow delivery during use,Delivery Delay
Shoes,Received Poor stitching,Quality Issue
Helmet,Received Screen flickering during use,Quality Issue
Smartwatch,Issue: Waist too tight,Size Issue
Keyboard,Product has Bent frame during use,Damaged Product
Bluetooth Speaker,Received Battery overheats,Battery Issue
Shoes,Product has Needed earlier during use,Delivery Delay
Mixer,Issue: Wrong color and model,Wrong Item
Headphones,Issue: Printed color faded,Color Mismatch
T-Shirt,Product has Leaking bottle,Damaged Product
Air Fryer,Ordered medium received small during use,Size Issue
Air Fryer,Issue: Design color mismatch,Color Mismatch
Air Fryer,Shuts down suddenly after first use,Battery Issue
Phone,Issue: Package arrived after event,Delivery Delay
Table,Product has Order mixed up,Wrong Item
Backpack,Received Manual missing,Missing Parts
Chair,Product has Bent frame,Damaged Product
Curtains,Product has Fit not as expected during use,Size Issue
Smartwatch,Issue: Different model received after first use,Wrong Item
Bluetooth Speaker,Product has Received another product during use,Wrong Item
Power Bank,Accessories missing during use,Missing Parts
Keyboard,Issue: Attachment missing,Missing Parts
Curtains,Length too short,Size Issue
Electric Kettle,Product has Fabric quality poor,Quality Issue
Jeans,Won't hold charge during use,Battery Issue
T-Shirt,Image misleading,Color Mismatch
Keyboard,Received another product,Wrong Item
Water Bottle,Issue: Leaking bottle during use,Damaged Product
Shirt,Issue: Battery dies in two hours,Battery Issue
Shoes,Wrong color and model after first use,Wrong Item
Air Fryer,Issue: Printed color faded after first use,Color Mismatch
Mouse,Package arrived after event during use,Delivery Delay
Shoes,Received Package arrived after event,Delivery Delay
Air Fryer,Poor stitching after first use,Quality Issue
Phone,Scratched item after first use,Damaged Product
Smartwatch,Issue: Pattern different after first use,Color Mismatch
Phone,Issue: Remote missing during use,Missing Parts
Laptop,Issue: Too loose,Size Issue
Shirt,Product has Charger missing after first use,Missing Parts
Table,Different model received,Wrong Item
Air Fryer,Product has Battery dies in two hours during use,Battery Issue
Sandals,Issue: Left earbud not working,Quality Issue
Backpack,Color inaccurate during use,Color Mismatch
Water Bottle,Issue: Sound quality poor,Quality Issue
Helmet,Shuts down suddenly,Battery Issue
T-Shirt,Product has Battery dies in two hours,Battery Issue
Water Bottle,Product has Button came off,Quality Issue
Helmet,Product has Charger missing,Missing Parts
Phone,Issue: Charger missing,Missing Parts
Phone,Issue: Power issue,Battery Issue
Air Fryer,Issue: Battery overheats,Battery Issue
Shirt,Issue: Length too short after first use,Size Issue
Chair,Glass shattered during use,Damaged Product
Smartwatch,Issue: Lid missing during use,Missing Parts
Table,Battery not charging after first use,Battery Issue
Bluetooth Speaker,Product has Wrong item delivered,Wrong Item
Electric Kettle,Issue: Incorrect size sent,Wrong Item
Keyboard,Very slow delivery,Delivery Delay
Electric Kettle,Left earbud not working,Quality Issue
Chair,Product has Fit not as expected during use,Size Issue
Mixer,Zip not working during use,Quality Issue
Shoes,Issue: Wrong brand received,Wrong Item
Bedsheet,Package torn,Damaged Product
Helmet,Product has Remote missing after first use,Missing Parts
Table,Received Damaged during delivery,Damaged Product
Chair,Product has Different design received,Wrong Item
Table,Received Wrong variant delivered,Wrong Item
Electric Kettle,Issue: Button came off,Quality Issue
Curtains,Product has Incorrect size sent after first use,Wrong Item
Headphones,Issue: Battery dies in two hours during use,Battery Issue
Handbag,Received Won't hold charge during use,Battery Issue
Shoes,Lid missing during use,Missing Parts
Power Bank,Issue: Wrong brand received,Wrong Item
Bedsheet,Issue: Size too large,Size Issue
Backpack,Product has Handle broke during use,Quality Issue
Bluetooth Speaker,Received Leaking bottle,Damaged Product
Table,Product has Pattern different,Color Mismatch
Sandals,Package arrived after event,Delivery Delay
Shirt,Stopped working after one day after first use,Quality Issue
Shirt,Issue: Delivery rescheduled after first use,Delivery Delay
Phone,Received Shuts down suddenly,Battery Issue
Shoes,Received Printed color faded after first use,Color Mismatch
Handbag,Received Ordered medium received small after first use,Size Issue
Curtains,Accessories missing,Missing Parts
Shoes,Product has Leaking bottle,Damaged Product
Sandals,Issue: Scratched item,Damaged Product
T-Shirt,Issue: Length too short after first use,Size Issue
Headphones,Issue: Delivery delayed,Delivery Delay
Air Fryer,Received Fabric quality poor,Quality Issue
Electric Kettle,Product has Charging very slow after first use,Battery Issue
Table,Handle broke,Quality Issue
Water Bottle,Product has Battery swollen after first use,Battery Issue
Sandals,Issue: Stand missing after first use,Missing Parts
Kurti,Fabric quality poor,Quality Issue
Smartwatch,Received One part missing after first use,Missing Parts
Handbag,Display cracked after first use,Damaged Product
Sandals,Received Wrong item delivered after first use,Wrong Item
Mixer,Glass shattered after first use,Damaged Product
T-Shirt,Product has Courier delay during use,Delivery Delay
Shirt,Received Handle broke,Quality Issue
Table,Issue: Charging very slow,Battery Issue
Electric Kettle,Battery swollen,Battery Issue
Bluetooth Speaker,Product has Poor stitching,Quality Issue
Keyboard,Received Ordered medium received small,Size Issue
Curtains,Issue: Charger missing,Missing Parts
Shoes,Received Shuts down suddenly,Battery Issue
Chair,Received Cracked product during use,Damaged Product
Curtains,Issue: Left earbud not working after first use,Quality Issue
Shoes,Issue: Sleeves too short,Size Issue
Helmet,Delayed by one week,Delivery Delay
Shirt,Product has Battery not charging,Battery Issue
Water Bottle,Battery swollen,Battery Issue
Water Bottle,Product has Incorrect size sent,Wrong Item
Air Fryer,Issue: Poor stitching,Quality Issue
Curtains,Left earbud not working,Quality Issue
Keyboard,Received Delivery rescheduled,Delivery Delay
Phone,Received Delayed by one week after first use,Delivery Delay
Table,Different model received after first use,Wrong Item
Shirt,Product has Size too small,Size Issue
Backpack,Product has Package arrived after event after first use,Delivery Delay
Curtains,Issue: Neck too tight after first use,Size Issue
Smartwatch,Received Expected black got blue,Color Mismatch
Water Bottle,Screen flickering,Quality Issue
Headphones,Doesn't fit,Size Issue
Power Bank,Received Accessories missing,Missing Parts
Chair,Issue: Wrong color received,Color Mismatch
Mixer,Expected black got blue,Color Mismatch
Water Bottle,Leaking bottle during use,Damaged Product
Electric Kettle,Product has Scratched item after first use,Damaged Product
Shirt,Product has Ordered medium received small,Size Issue
Air Fryer,Color different from image during use,Color Mismatch
Laptop,Different model received after first use,Wrong Item
Jeans,Product has Lid missing,Missing Parts
Headphones,Poor stitching during use,Quality Issue
Bedsheet,Design color mismatch,Color Mismatch
Kurti,Issue: Handle broke,Quality Issue
Sandals,Product has Ordered medium received small after first use,Size Issue
Air Fryer,Issue: Wrong variant delivered,Wrong Item
Bluetooth Speaker,Product has Design color mismatch,Color Mismatch
Electric Kettle,Cracked product,Damaged Product
Phone,Issue: Battery not charging during use,Battery Issue
T-Shirt,Image misleading,Color Mismatch
Mixer,Issue: Leaking bottle,Damaged Product
Phone,Received Fabric quality poor,Quality Issue
Air Fryer,Product has Sleeves too short,Size Issue
Backpack,Dent on product,Damaged Product
Phone,Wrong variant delivered during use,Wrong Item
Bedsheet,Very slow delivery after first use,Delivery Delay
T-Shirt,Product has Stopped working after one day,Quality Issue
Electric Kettle,Product has Size too small after first use,Size Issue
Water Bottle,Glass shattered,Damaged Product
Shirt,Different model received after first use,Wrong Item
Shoes,Received Needed earlier,Delivery Delay
Jeans,Product has Fit not as expected,Size Issue
Mouse,Charger missing during use,Missing Parts
Water Bottle,Product has Remote missing after first use,Missing Parts
Power Bank,Product has Wrong variant delivered,Wrong Item
Mouse,Issue: Display cracked,Damaged Product
Shoes,Received Delivered too late during use,Delivery Delay
Laptop,Charging very slow after first use,Battery Issue
Curtains,Received Ordered medium received small during use,Size Issue
Table,Package arrived after event,Delivery Delay
Phone,Manual missing,Missing Parts
Electric Kettle,Received Damaged during delivery,Damaged Product
Water Bottle,Very slow delivery after first use,Delivery Delay
Headphones,Product has Battery not charging,Battery Issue
Table,Issue: Sleeves too short,Size Issue
Headphones,Battery overheats,Battery Issue
Shirt,Received Color inaccurate,Color Mismatch
Laptop,Issue: Won't hold charge,Battery Issue
Mouse,Incorrect size sent,Wrong Item
Helmet,Product has Sleeves too short,Size Issue
Air Fryer,Delivered too late after first use,Delivery Delay
Curtains,Product has Battery dies in two hours,Battery Issue
Kurti,Size too small after first use,Size Issue
Water Bottle,Handle broke,Quality Issue
T-Shirt,Received Stand missing,Missing Parts
Phone,Issue: Shade not matching during use,Color Mismatch
Curtains,Shade not matching,Color Mismatch
Sandals,Expected black got blue after first use,Color Mismatch
Bedsheet,Received Manual missing after first use,Missing Parts
Curtains,Battery drains quickly during use,Battery Issue
Helmet,Received Doesn't fit,Size Issue
T-Shirt,Issue: Bent frame after first use,Damaged Product
Headphones,Received Wrong color received,Color Mismatch
Curtains,Received Battery not charging during use,Battery Issue
Laptop,Product has Waist too tight,Size Issue
T-Shirt,Printed color faded,Color Mismatch
Bedsheet,Issue: Lid missing after first use,Missing Parts
Backpack,Received Lid missing,Missing Parts
Mouse,Accessories missing after first use,Missing Parts
Shoes,Battery swollen,Battery Issue
Bluetooth Speaker,Length too short,Size Issue
Backpack,Product has Shade not matching,Color Mismatch
Helmet,Sound quality poor during use,Quality Issue
Handbag,Product has Ordered medium received small,Size Issue
Jeans,Remote missing,Missing Parts
Smartwatch,Package torn,Damaged Product
Mixer,Product has Wrong variant delivered,Wrong Item
Table,Ordered medium received small during use,Size Issue
Water Bottle,Battery drains quickly during use,Battery Issue
Sandals,Left earbud not working during use,Quality Issue
Shirt,Product has Broken on arrival after first use,Damaged Product
Mouse,Different model received,Wrong Item
Mouse,Received Lid missing,Missing Parts
Water Bottle,Issue: Remote missing,Missing Parts
Jeans,Received Battery swollen during use,Battery Issue
Headphones,Received Late shipment,Delivery Delay
Electric Kettle,Doesn't fit,Size Issue
Smartwatch,Pattern different after first use,Color Mismatch
Keyboard,Issue: Ordered medium received small,Size Issue
Headphones,Issue: Delayed by one week,Delivery Delay
Curtains,Material feels cheap,Quality Issue
Electric Kettle,Issue: Battery not charging after first use,Battery Issue
Laptop,Product has Battery backup poor,Battery Issue
Sandals,Issue: Accessories missing after first use,Missing Parts
Bluetooth Speaker,Received Won't hold charge,Battery Issue
Chair,Issue: Material feels cheap,Quality Issue
Keyboard,Issue: Printed color faded,Color Mismatch
Smartwatch,Product has Accessories missing after first use,Missing Parts
Table,Fabric quality poor,Quality Issue
Bluetooth Speaker,Issue: Image misleading during use,Color Mismatch
Phone,Received Delivered too late during use,Delivery Delay
Helmet,Issue: Won't hold charge,Battery Issue
Curtains,Product has One part missing,Missing Parts
Water Bottle,Late shipment,Delivery Delay
Bluetooth Speaker,Issue: Wrong variant delivered,Wrong Item
Mixer,Issue: Cracked product,Damaged Product
Helmet,Wrong color and model after first use,Wrong Item
Smartwatch,Issue: Missed delivery date,Delivery Delay
Keyboard,Product has Color different from image,Color Mismatch
Backpack,Product has Incorrect product,Wrong Item
Laptop,Product has Doesn't fit,Size Issue
Power Bank,Damaged during delivery,Damaged Product
Water Bottle,Issue: Display cracked,Damaged Product
Sandals,Accessories missing after first use,Missing Parts
Helmet,Issue: Design color mismatch after first use,Color Mismatch
Chair,Received Delayed by one week,Delivery Delay
Bedsheet,Shuts down suddenly,Battery Issue
Jeans,Product has Ordered medium received small,Size Issue
Handbag,Product has Package torn after first use,Damaged Product
Keyboard,Wrong color and model,Wrong Item
Handbag,Product has Needed earlier,Delivery Delay
Bluetooth Speaker,Sleeves too short,Size Issue
Backpack,Received Wrong color and model during use,Wrong Item
Power Bank,Received Received another product,Wrong Item
T-Shirt,Stand missing,Missing Parts
Handbag,Pattern different,Color Mismatch
Sandals,Wrong variant delivered during use,Wrong Item
Bluetooth Speaker,Received Sound quality poor,Quality Issue
Laptop,Product has Wrong variant delivered,Wrong Item
Helmet,Issue: Damaged during delivery,Damaged Product
Handbag,Issue: Battery drains quickly,Battery Issue
Backpack,Issue: Wrong color and model,Wrong Item
Bedsheet,Product has Dent on product,Damaged Product
Keyboard,Received Package arrived after event after first use,Delivery Delay
T-Shirt,Issue: Shuts down suddenly after first use,Battery Issue
Electric Kettle,Product has Incorrect product,Wrong Item
Water Bottle,Product has Zip not working,Quality Issue
Water Bottle,Received One part missing,Missing Parts
T-Shirt,Issue: Order mixed up,Wrong Item
Laptop,Stopped working after one day,Quality Issue
Mixer,Issue: Attachment missing,Missing Parts
Laptop,Received Battery overheats during use,Battery Issue
Air Fryer,Product has Needed earlier,Delivery Delay
Handbag,Product has Package arrived after event,Delivery Delay
Power Bank,Received Size too small after first use,Size Issue
Electric Kettle,Product has Won't hold charge during use,Battery Issue
Helmet,Issue: Button came off during use,Quality Issue
Mouse,Issue: Charger missing,Missing Parts
Laptop,Received Neck too tight,Size Issue
Laptop,Pattern different,Color Mismatch
Curtains,Received Package torn,Damaged Product
Backpack,Battery not charging,Battery Issue
Shoes,Incorrect size sent,Wrong Item
Bedsheet,Order mixed up,Wrong Item
Sandals,Product has Image misleading,Color Mismatch
Electric Kettle,Product has Package arrived after event after first use,Delivery Delay
Headphones,Product has Missing screws after first use,Missing Parts
Table,Damaged during delivery after first use,Damaged Product
Curtains,Sound quality poor during use,Quality Issue
Helmet,Incorrect product,Wrong Item
Handbag,Size too large,Size Issue
Power Bank,Issue: Material feels cheap,Quality Issue
Curtains,Product has Order mixed up after first use,Wrong Item
Smartwatch,Waist too tight,Size Issue
Helmet,Product has Different design received during use,Wrong Item
Bedsheet,Handle broke,Quality Issue
T-Shirt,Issue: Different model received after first use,Wrong Item
Keyboard,Product has Display cracked,Damaged Product
Phone,Manual missing,Missing Parts
Curtains,Issue: Missed delivery date,Delivery Delay
Shirt,Damaged during delivery,Damaged Product
Shoes,Needed earlier,Delivery Delay
Handbag,Product has Left earbud not working during use,Quality Issue
Power Bank,Wrong variant delivered,Wrong Item
Mixer,Received Battery drains quickly,Battery Issue
T-Shirt,Accessories missing,Missing Parts
Air Fryer,Received Battery overheats during use,Battery Issue
Water Bottle,Received Different model received after first use,Wrong Item
Backpack,Issue: Material feels cheap,Quality Issue
Smartwatch,Product has Lid missing,Missing Parts
Phone,Battery drains quickly during use,Battery Issue
Sandals,Issue: Delayed by one week after first use,Delivery Delay
Helmet,One part missing after first use,Missing Parts
T-Shirt,Issue: Delivery rescheduled during use,Delivery Delay
Bluetooth Speaker,Received Size too large,Size Issue
Keyboard,Dent on product,Damaged Product
Sandals,Product has Material feels cheap during use,Quality Issue
Kurti,Image misleading,Color Mismatch
Handbag,Product has Size too small,Size Issue
Phone,Delivery rescheduled during use,Delivery Delay
Air Fryer,Received Expected black got blue,Color Mismatch
Handbag,Issue: Scratched item during use,Damaged Product
Power Bank,Issue: Broken on arrival,Damaged Product
Mouse,Issue: Delivery delayed,Delivery Delay
Bedsheet,Stopped working after one day,Quality Issue
Jeans,Charger missing,Missing Parts
Helmet,Size too large,Size Issue
Air Fryer,Received Leaking bottle,Damaged Product
Air Fryer,Leaking bottle,Damaged Product
Curtains,Issue: Package arrived after event,Delivery Delay
Shirt,Received Zip not working,Quality Issue
Keyboard,Received Incorrect product,Wrong Item
Mouse,Product has Doesn't fit during use,Size Issue
Helmet,Product has Left earbud not working after first use,Quality Issue
Laptop,Issue: Material feels cheap after first use,Quality Issue
Electric Kettle,Issue: Wrong color received,Color Mismatch
Power Bank,Stopped working after one day,Quality Issue
Shirt,Battery swollen,Battery Issue
Mouse,Stand missing after first use,Missing Parts
T-Shirt,Issue: Battery overheats,Battery Issue
Backpack,Issue: Pattern different,Color Mismatch
Backpack,Received Display cracked,Damaged Product
Kurti,Issue: Needed earlier,Delivery Delay
Air Fryer,Incorrect product after first use,Wrong Item
Helmet,Received Package torn,Damaged Product
Keyboard,Battery overheats,Battery Issue
Chair,Issue: Sound quality poor,Quality Issue
Mixer,Issue: Attachment missing,Missing Parts
Backpack,Product has Poor stitching,Quality Issue
Bluetooth Speaker,Product has Sleeves too short,Size Issue
Jeans,Received Incorrect size sent after first use,Wrong Item
Power Bank,Length too short,Size Issue
Backpack,Product has Scratched item,Damaged Product
Backpack,Issue: Wrong item delivered during use,Wrong Item
Jeans,Pattern different,Color Mismatch
Electric Kettle,Issue: Bent frame after first use,Damaged Product
Chair,Color inaccurate after first use,Color Mismatch
Power Bank,Product has Display cracked,Damaged Product
Bedsheet,Battery overheats,Battery Issue
Smartwatch,Received Missing screws,Missing Parts
Phone,Incorrect size sent,Wrong Item
Power Bank,Product has Length too short,Size Issue
Helmet,Battery dies in two hours,Battery Issue
Table,Order mixed up,Wrong Item
Keyboard,Product has Sound quality poor after first use,Quality Issue
Phone,Issue: Handle broke,Quality Issue
Water Bottle,Product has Accessories missing after first use,Missing Parts
Water Bottle,Received Color looks different after first use,Color Mismatch
Electric Kettle,Very slow delivery,Delivery Delay
Headphones,Design color mismatch,Color Mismatch
Sandals,Received Damaged during delivery during use,Damaged Product
Bluetooth Speaker,Material feels cheap,Quality Issue
Electric Kettle,Received Neck too tight,Size Issue
Jeans,Received Delivery rescheduled after first use,Delivery Delay
Shoes,Pattern different after first use,Color Mismatch
Laptop,Product has Size too large during use,Size Issue
Chair,Issue: Zip not working,Quality Issue
Power Bank,Received Battery drains quickly,Battery Issue
Jeans,Product has Fabric quality poor,Quality Issue
Headphones,Received Screen flickering during use,Quality Issue
Handbag,Issue: Lid missing during use,Missing Parts
Backpack,Color different from image,Color Mismatch
Shoes,Too loose,Size Issue
Keyboard,Sound quality poor,Quality Issue
Shoes,Received Different design received during use,Wrong Item
Sandals,Charger missing during use,Missing Parts
Headphones,Product has Power issue during use,Battery Issue
Mixer,Received Incorrect size sent,Wrong Item
Jeans,Battery not charging,Battery Issue
Chair,Attachment missing,Missing Parts
Laptop,Issue: Dent on product,Damaged Product
Phone,Product has Battery overheats,Battery Issue
T-Shirt,Product has Received another product,Wrong Item
Power Bank,Neck too tight,Size Issue
Bluetooth Speaker,Different model received after first use,Wrong Item
Water Bottle,Product has Package arrived after event after first use,Delivery Delay
Helmet,Left earbud not working after first use,Quality Issue
Power Bank,Received Design color mismatch,Color Mismatch
Kurti,Different design received,Wrong Item
Smartwatch,Product has Color looks different,Color Mismatch
Headphones,Issue: Expected black got blue,Color Mismatch
Sandals,Received Shade not matching during use,Color Mismatch
Water Bottle,Received Delivery rescheduled during use,Delivery Delay
Handbag,Button came off,Quality Issue
Chair,Product has Incorrect size sent,Wrong Item
Shirt,Fabric quality poor,Quality Issue
Laptop,Stand missing,Missing Parts
Chair,Issue: Incorrect product after first use,Wrong Item
Headphones,Image misleading,Color Mismatch
Keyboard,Battery swollen,Battery Issue
Keyboard,One part missing after first use,Missing Parts
Kurti,Issue: Power issue after first use,Battery Issue
Table,Product has Won't hold charge during use,Battery Issue
Headphones,Issue: Color different from image after first use,Color Mismatch
Water Bottle,Product has Left earbud not working,Quality Issue
Water Bottle,Issue: Scratched item during use,Damaged Product
Jeans,Received Delivered too late,Delivery Delay
Table,Wrong variant delivered,Wrong Item
Handbag,Issue: Charging very slow,Battery Issue
Bluetooth Speaker,Issue: Handle broke after first use,Quality Issue
Water Bottle,Issue: One part missing during use,Missing Parts
Kurti,Issue: Neck too tight after first use,Size Issue
Keyboard,Received Broken on arrival after first use,Damaged Product
Phone,Received Battery overheats,Battery Issue
Smartwatch,Received Zip not working,Quality Issue
Mouse,Product has Delivery rescheduled,Delivery Delay
Shirt,Product has Charging very slow,Battery Issue
Table,Product has Won't hold charge after first use,Battery Issue
Kurti,Too loose after first use,Size Issue
Keyboard,Issue: Incorrect size sent,Wrong Item
Shoes,Product has Waist too tight during use,Size Issue
Phone,Product has Delivery rescheduled during use,Delivery Delay
Electric Kettle,Product has Won't hold charge,Battery Issue
Bedsheet,Received Incorrect size sent during use,Wrong Item
Backpack,Issue: Zip not working after first use,Quality Issue
Laptop,Poor stitching,Quality Issue
Helmet,Remote missing after first use,Missing Parts
Helmet,Delayed by one week,Delivery Delay
Mouse,Product has Fabric quality poor,Quality Issue
Keyboard,Issue: Ordered medium received small,Size Issue
Smartwatch,Product has Neck too tight during use,Size Issue
Table,One part missing,Missing Parts
Bluetooth Speaker,Issue: Remote missing after first use,Missing Parts
Helmet,Left earbud not working during use,Quality Issue
Shirt,Received another product,Wrong Item
Shirt,Issue: Handle broke after first use,Quality Issue
Water Bottle,Image misleading after first use,Color Mismatch
Bluetooth Speaker,Received Stand missing,Missing Parts
Water Bottle,Stand missing,Missing Parts
Smartwatch,Cable missing,Missing Parts
Water Bottle,Needed earlier,Delivery Delay
Mixer,Late shipment,Delivery Delay
Sandals,Remote missing after first use,Missing Parts
T-Shirt,Product has Needed earlier,Delivery Delay
Chair,One part missing,Missing Parts
Handbag,Charging very slow,Battery Issue
Helmet,Issue: Battery swollen,Battery Issue
Headphones,Received Left earbud not working,Quality Issue
Backpack,Ordered medium received small,Size Issue
Jeans,Product has Different design received during use,Wrong Item
Laptop,Delivered too late,Delivery Delay
Helmet,Damaged during delivery,Damaged Product
